A,217
ABLE,284
ACHE,443
ACT,433
ADZE,256
AGE,468
AH,330
AID,413
AIL,391
AIM,383
AIR,450
AISLE,528
ALE,526
ALL,332
AM,247
AN,195
AND,226
ANT,613
APE,616
APPLE,637
APT,295
ARC,494
ARCH,557
ARE,262
ARK,517
ARM,593
ART,493
AS,224
ASH,553
AT,225
ATE,364
AUNT,567
AWL,292
AXE,597
AYE,255
BABE,562
BACK,483
BAD,388
BADGE,519
BAG,570
BAIL,480
BAKE,495
BALE,473
BALL,622
BAND,579
BANG,470
BANK,560
BAR,596
BARB,448
BARD,406
BARE,487
BARK,539
BARN,589
BASE,436
BASS,544
BAT,586
BATH,601
BATTLE,597
BAWL,417
BAY,570
BE,274
BEACH,667
BEAK,574
BEAM,539
BEAN,538
BEAR,572
BEARD,630
BEAST,558
BEAT,406
BEAU,394
BED,635
BEE,623
BEECH,435
BEEF,625
BEEN,222
BEER,598
BEET,555
BEETLE,640
BEG,431
BEING,323
BELL,610
BELLE,401
BELT,494
BENCH,555
BEND,460
BERTH,402
BEST,324
BET,453
BHANG,217
BIB,488
BIBLE,594
BID,394
BIER,294
BIG,463
BILL,535
BIN,562
BIRCH,561
BIRD,614
BIRTH,532
BIT,432
BITE,553
BLACK,589
BLADE,568
BLAME,356
BLAND,348
BLEACH,510
BLEAK,435
BLEW,404
BLIND,485
BLINK,471
BLOCK,483
BLONDE,608
BLOOD,620
BLOOM,524
BLOUSE,595
BLOW,458
BLUE,569
BLUNT,404
BLUSH,551
BOAR,524
BOARD,592
BOAST,416
BOAT,631
BOIL,533
BOLE,213
BOLL,270
BOLT,551
BOMB,606
BOND,380
BONE,567
BOOK,591
BOOT,604
BOOTH,486
BORE,404
BORN,435
BORNE,346
BOSS,554
BOTH,298
BOTTLE,619
BOW,546
BOWL,579
BOX,591
BOY,618
BRA,624
BRAIN,572
BRAKE,511
BRANCH,548
BRASS,524
BRAT,536
BRAVE,427
BRAWL,485
BREAD,619
BREAK,398
BREAST,597
BREATH,480
BRED,387
BREEZE,560
BRIBE,425
BRICK,574
BRIDGE,608
BRIEF,344
BRIGHT,489
BRIM,510
BROAD,463
BROIL,515
BROKE,485
BRONZE,588
BROOK,597
BROOM,608
BRUSH,570
BRUT,392
BRUTE,481
BUD,508
BUILD,399
BUMP,476
BUNCH,486
BURN,541
BUSH,549
BUT,206
BUY,397
BY,229
CACHE,303
CAGE,585
CAKE,624
CALF,565
CALL,424
CALM,439
CAME,288
CAMP,588
CAN,369
CANE,608
CAPE,566
CAR,638
CARD,578
CARE,383
CARP,539
CART,597
CASE,517
CASH,588
CAST,483
CASTE,423
CAT,617
CATTLE,619
CAUGHT,401
CAUL,188
CAUSE,282
CAVE,601
CEDE,240
CELL,590
CENT,518
CHAIN,559
CHAIR,610
CHALK,601
CHANCE,354
CHARM,455
CHART,531
CHEAT,457
CHEEK,561
CHEESE,592
CHEST,556
CHEW,527
CHIC,437
CHIEF,545
CHILD,619
CHIN,608
CHINK,429
CHOIR,567
CHOOSE,299
CHOP,575
CHOW,326
CHROME,491
CHUCKLE,497
CHURCH,616
CHUTE,467
CINQUE,239
CITE,331
CLAIM,321
CLAM,541
CLANG,445
CLASH,456
CLASP,456
CLAW,600
CLAY,575
CLEAN,454
CLEAR,456
CLEAT,481
CLIENT,443
CLIFF,599
CLINCH,423
CLINK,472
CLOAK,518
CLOCK,614
CLOSE,420
CLOTH,547
CLOUD,595
CLOVE,446
CLOWN,589
CLUB,522
CLUE,375
CLUNG,354
COACH,560
COAL,581
COARSE,494
COAST,588
COAT,572
COCK,586
CODE,460
COIF,202
COIL,492
COIN,603
COKE,623
COLD,531
COME,322
CONE,559
COOK,504
COOL,429
COPE,344
CORD,549
CORE,497
CORK,631
CORN,601
CORPS,408
CORPSE,614
CORSE,183
COST,401
COUCH,536
COULD,210
COUNT,459
COURSE,391
COURT,552
COW,632
COWL,337
CRAB,589
CRAFT,429
CRAG,479
CRANE,562
CRANK,524
CRAWL,488
CREAM,557
CREW,486
CRIME,471
CROAK,445
CROCK,351
CROOK,526
CROSS,501
CROW,578
CROWD,548
CROWN,602
CRUEL,422
CRUMB,497
CRUSH,480
CRY,478
CRYPT,553
CUBE,575
CUE,448
CULT,386
CUP,558
CURB,556
CURE,397
CURSE,415
CURVE,520
CUT,460
CUTTLE,213
CYST,510
DAD,626
DAME,530
DANCE,510
DARE,373
DARK,586
DART,597
DATE,501
DAWN,586
DAY,526
DEAD,520
DEAL,383
DEAR,374
DEATH,498
DEBT,384
DECK,539
DEED,390
DEEP,498
DEER,624
DELL,397
DENSE,461
DENT,486
DESK,574
DEW,559
DIAL,541
DID,329
DIE,499
DIM,450
DIME,590
DIP,456
DIRGE,262
DIRT,547
DISC,575
DITCH,558
DIVE,586
DO,247
DOCK,559
DOE,532
DOES,210
DOG,636
DOLL,565
DOLT,259
DOME,557
DONE,346
DOOR,599
DOT,556
DOUGH,558
DOVE,616
DOWN,459
DRAB,340
DRAIN,540
DRAPE,464
DRAW,435
DREAD,378
DREAM,485
DRESS,595
DRILL,571
DRINK,553
DROP,417
DROVE,353
DRUG,564
DRUM,599
DRY,429
DUAL,426
DUCK,632
DUKE,480
DULL,373
DUMB,397
DUMP,528
DUSK,575
DUST,549
DYE,506
EACH,320
EAR,597
EARL,435
EARN,437
EARTH,580
EASE,327
EAST,497
EAT,563
EDGE,495
EEL,552
EGG,599
EIGHT,501
ELF,543
ELM,550
ELSE,208
END,462
EWE,481
EYE,603
FABLE,477
FACE,581
FACT,302
FAIL,380
FAINT,466
FAIR,439
FALL,547
FALSE,315
FAN,582
FANE,205
FANG,559
FAR,411
FARE,384
FARM,560
FAST,411
FAT,574
FATE,343
FAULT,323
FAWN,565
FAZE,295
FEAR,394
FEAST,610
FEAT,365
FEE,440
FEEL,363
FEET,597
FEINT,313
FELL,431
FELT,483
FENCE,611
FEW,333
FIGHT,543
FILE,442
FILL,415
FILM,562
FILTH,517
FIND,370
FINE,392
FIORD,551
FIR,461
FIRM,404
FIRST,388
FISH,615
FIVE,529
FLAG,607
FLAIR,425
FLAME,598
FLARE,509
FLASH,528
FLASK,614
FLAX,389
FLEA,606
FLEE,431
FLEECE,547
FLEET,510
FLESH,567
FLOAT,525
FLOCK,516
FLOOD,598
FLOOR,544
FLOW,417
FLUE,400
FLUSH,530
FLUTE,581
FLY,582
FLYER,478
FOAL,448
FOAM,600
FOE,435
FOG,606
FOIBLE,279
FOIL,495
FOND,363
FONT,497
FOOD,539
FOOL,436
FOOT,597
FOR,216
FORCE,437
FORE,340
FORK,598
FORM,452
FORT,559
FORTH,336
FOUL,467
FOUR,491
FOURTH,384
FOWL,528
FOX,607
FRAIL,430
FRAME,508
FRANC,426
FRANK,419
FRAUD,381
FREE,397
FREEZE,521
FREIGHT,465
FRESH,453
FRIAR,497
FRIEND,587
FRIEZE,315
FRILL,497
FROCK,403
FROG,617
FROM,239
FRONT,427
FROST,595
FROWN,589
FRUIT,587
FUDGE,567
FUEL,521
FULL,437
FUN,515
FUR,588
FUSE,479
GABLE,424
GAIN,307
GAIT,377
GAME,521
GANG,535
GAS,532
GASP,491
GATE,545
GEESE,603
GEM,572
GENTLE,422
GERM,442
GET,264
GHOST,552
GIANT,562
GIFT,553
GIG,437
GILT,390
GIN,555
GIRL,634
GIST,262
GIVE,383
GLAD,445
GLARE,536
GLASS,585
GLEAM,511
GLIMPSE,422
GLOBE,583
GLOOM,429
GLOVE,596
GLUM,383
GLUT,334
GNAT,550
GNU,346
GO,364
GOAL,556
GOAT,585
GOD,461
GOLD,594
GOLF,616
GONE,313
GOOD,374
GOOF,360
GORE,429
GOT,286
GOWN,578
GRACE,441
GRADE,397
GRAFT,404
GRAPE,591
GRAPH,535
GRASS,602
GRATE,424
GRAVE,619
GRAY,541
GRAZE,470
GREAT,390
GREED,420
GREEN,609
GRIEF,480
GRIND,485
GRIP,540
GROAN,506
GROIN,516
GROUND,513
GROUP,467
GROVE,470
GROW,371
GROWN,292
GROWTH,426
GRUDGE,373
GUARD,530
GUESS,330
GUEST,497
GUIDE,482
GUILT,381
GULF,491
GUN,613
GUSH,483
GUST,456
GUY,551
GYBE,190
GYM,613
HAD,296
HAIL,477
HAIR,580
HALE,376
HALF,458
HALL,559
HALT,417
HALVE,425
HAM,570
HAND,598
HANG,537
HANK,313
HARD,460
HARE,577
HARM,362
HARP,621
HARSH,379
HAS,271
HASTE,416
HAT,562
HATE,462
HAUL,406
HAVE,271
HAWK,591
HAY,597
HAZE,521
HE,452
HEAD,593
HEAL,438
HEALTH,432
HEAP,494
HEAR,425
HEART,617
HEAT,507
HEDGE,583
HEEL,597
HEIGHT,472
HEIR,394
HELL,519
HELP,464
HEN,597
HER,464
HERB,502
HERD,548
HERE,278
HIDE,430
HIGH,463
HILL,607
HIM,421
HIND,424
HINT,343
HIS,337
HIVE,554
HOARSE,403
HOE,525
HOG,527
HOLD,416
HOLE,527
HOME,599
HOOD,558
HOOF,598
HOOK,541
HOP,554
HOPE,421
HORN,566
HORSE,624
HOSE,572
HOT,551
HOUND,596
HOUSE,606
HOW,230
HOWL,536
HUE,399
HUMP,515
HUNT,527
HURT,465
HUSH,467
HUT,560
HYMN,431
I,465
ICE,635
IDLE,444
IF,228
IN,334
INCH,497
INK,589
INN,578
ION,348
IS,230
ISLE,520
IT,265
ITCH,486
ITS,229
JACK,460
JADE,459
JAIL,608
JAM,569
JAMB,276
JAR,571
JAW,573
JEEP,659
JEER,430
JERK,479
JET,585
JIBE,314
JINGLE,497
JOB,470
JOG,504
JOIN,340
JOKE,483
JOLT,426
JOY,533
JUDGE,558
JUICE,593
JUMP,506
JUNGLE,555
JUST,221
KALE,391
KEEL,451
KEEN,335
KEEP,284
KEG,606
KEPT,300
KEY,618
KICK,551
KID,525
KILL,481
KILT,622
KIND,383
KINDLE,415
KINE,264
KING,585
KINK,480
KISS,633
KITE,624
KNEE,597
KNEW,267
KNIFE,633
KNIGHT,608
KNOB,554
KNOLL,444
KNOW,278
KNOWN,310
LACE,506
LACK,302
LAD,534
LAID,493
LAIN,328
LAIR,454
LAKE,616
LAMB,614
LAMP,575
LAND,566
LANE,543
LAP,531
LARCH,508
LARD,491
LARGE,449
LARK,573
LAST,367
LATCH,464
LATE,387
LATHE,356
LAUD,288
LAUGH,528
LAW,409
LAWN,608
LAX,363
LAY,426
LEAD,488
LEAF,608
LEAK,545
LEAL,280
LEAN,472
LEAP,494
LEARN,361
LEASE,426
LEAST,302
LED,394
LEEK,540
LEES,271
LEFT,383
LEG,601
LEND,327
LENGTH,395
LENS,556
LESS,286
LEWD,324
LICE,532
LIE,385
LIEN,317
LIFE,482
LIFT,482
LIGHT,542
LIKE,352
LIMB,580
LIME,563
LIMN,206
LIMP,512
LINE,491
LINK,481
LINKS,454
LINT,513
LION,626
LIP,619
LIRE,326
LISP,464
LITTLE,502
LIVE,446
LOAD,461
LOAN,430
LOCK,532
LODE,363
LODGE,464
LONE,457
LONG,471
LOOK,395
LOON,348
LOOP,492
LOOSE,397
LOOT,579
LORD,482
LOSE,373
LOSS,409
LOUD,448
LOVE,569
LOW,378
LUCK,399
LUMP,546
LUNCH,602
LUNE,252
LUNG,576
LUNGE,459
LURE,389
LUST,444
LUTE,429
LYE,372
LYMPH,383
LYNX,461
MAD,479
MADE,351
MAIL,548
MAIN,309
MAIZE,420
MAKE,322
MALE,587
MALL,383
MAN,567
MANE,528
MAP,587
MAR,453
MARBLE,605
MARCH,497
MARE,529
MARK,434
MARL,186
MASH,472
MASS,484
MAST,558
MAT,537
MATCH,490
MATE,506
MATH,487
MAY,370
MAYBE,222
MAYOR,523
MAZE,555
ME,430
MEAL,573
MEAN,419
MEANT,282
MEAT,618
MEEK,392
MEET,438
MELT,461
MEN,587
MIEN,253
MIGHT,346
MILD,359
MILE,511
MILK,638
MINCE,419
MIND,373
MINE,522
MINK,604
MISS,447
MIST,637
MITE,387
MOAN,475
MOAT,497
MOLD,454
MOLE,567
MONK,606
MONTH,448
MOOD,394
MOON,585
MOOSE,604
MORE,264
MORGUE,589
MOSQUE,461
MOSS,569
MOST,306
MOTE,438
MOTH,577
MOUSE,615
MOUSSE,439
MOUTH,613
MOVE,413
MUCH,332
MUD,582
MUG,574
MULE,608
MUSCLE,553
MUST,247
MY,298
MYTH,359
NAG,508
NAIL,588
NAIVE,354
NAME,475
NAVE,282
NEAR,408
NEAT,495
NECK,622
NEED,327
NEEDLE,589
NERVE,486
NEST,571
NET,540
NEW,418
NEWS,484
NEWT,472
NEXT,386
NICE,375
NIGHT,607
NINE,494
NIP,486
NO,361
NOB,372
NOBLE,383
NOD,508
NOLL,297
NONE,425
NOOSE,593
NOPE,315
NOR,243
NOSE,605
NOT,253
NOTE,503
NOUN,368
NOW,276
NUMB,477
NUN,617
NURSE,617
NYMPH,546
OAK,590
OAR,592
OAT,499
OATH,443
ODE,344
OF,217
OFF,326
OH,274
OIL,573
OLD,478
ON,268
ONCE,322
ONE,432
OR,224
OUNCE,457
OUR,315
OUT,330
OWL,595
OWN,337
OX,548
PACT,364
PAGE,555
PAID,429
PAIL,508
PAIN,502
PAINT,567
PAIR,480
PALE,532
PALL,271
PALM,555
PAN,532
PANE,410
PANTS,630
PARE,392
PARK,573
PART,340
PASS,479
PAST,446
PASTE,529
PAT,386
PATCH,529
PATH,537
PAUL,440
PAUSE,347
PAWN,479
PAX,277
PEA,568
PEACE,446
PEACH,613
PEAL,433
PEAR,590
PEARL,590
PEBBLE,546
PECK,494
PEEK,446
PEEL,436
PEEP,437
PEER,376
PEG,538
PELT,517
PEN,576
PEON,455
PEOPLE,548
PEP,466
PERCH,462
PERSE,271
PEST,445
PET,589
PEW,531
PHASE,319
PHIAL,394
PHONE,587
PHRASE,342
PICK,513
PIE,604
PIECE,395
PIER,545
PIG,635
PILE,513
PILL,580
PIMPLE,617
PIN,576
PINE,617
PINT,487
PIPE,598
PIQUE,293
PIT,589
PLACE,377
PLAICE,226
PLAIN,463
PLAIT,319
PLAN,379
PLANE,556
PLANK,598
PLANT,605
PLATE,527
PLAY,498
PLAYING,464
PLEA,347
PLEAD,393
PLEDGE,408
PLOT,420
PLUG,583
PLUM,611
PLUMB,501
PLUNGE,548
POINT,481
POLE,579
POLL,488
POND,599
POOL,577
POOR,447
POPE,576
PORCH,586
PORE,447
PORK,522
PORT,546
POST,518
POT,598
POUCH,513
POUND,553
POUR,495
PRAISE,467
PRAY,444
PREY,500
PRIDE,424
PRIEST,568
PRIM,361
PRIME,386
PRINCE,606
PRIZE,517
PRONG,499
PROOF,339
PROP,450
PROUD,434
PROW,307
PRUNE,578
PSALM,427
PUCK,370
PULL,446
PUMP,556
PUNCH,527
PUP,624
PURE,366
PURL,310
PURSE,567
PUSH,395
PUT,263
QUACK,446
QUAICH,201
QUAIL,505
QUAKE,463
QUART,545
QUEAN,263
QUEEN,612
QUEST,460
QUICK,363
QUILL,530
QUILT,554
QUIRE,240
RACE,457
RACK,439
RAID,476
RAIL,556
RAIN,618
RAISE,418
RAKE,550
RAM,546
RAMP,527
RANCH,519
RANGE,413
RAP,388
RAPE,565
RARE,439
RASH,520
RAT,588
RATE,311
RAW,470
RAY,556
RAZE,271
REACH,391
READ,499
REAL,313
REALM,324
REAP,408
REAR,455
RED,585
REED,520
REEL,487
REIGN,382
REIN,478
RENT,469
REST,396
RHUMB,199
RHYME,475
RIB,586
RICE,506
RICH,467
RICK,275
RIDE,483
RIDGE,543
RIGHT,372
RIM,509
RING,601
RINSE,465
RIPE,490
RISE,451
RISK,405
RITE,353
ROAD,609
ROAR,526
ROB,465
ROCK,612
ROD,549
RODE,451
ROE,349
ROGUE,478
ROLE,385
ROLL,496
ROOF,604
ROOM,545
ROOT,565
ROPE,596
ROSE,623
ROTE,264
ROUGH,491
ROUND,559
ROUTE,447
RUBBLE,482
RUDE,390
RUFF,327
RUG,591
RULE,415
RUM,560
RUNG,480
RUSH,404
RUST,547
RYE,459
SACK,548
SAD,419
SAFE,474
SAGE,434
SAID,313
SAIL,597
SAINT,394
SALE,422
SALT,570
SALVE,391
SAME,326
SAND,603
SANE,364
SAP,451
SASH,488
SAUCE,569
SAVE,365
SAW,531
SCAB,573
SCALE,463
SCAR,565
SCARCE,380
SCARE,471
SCENE,432
SCENT,421
SCHEME,319
SCHOOL,599
SCIENCE,423
SCORN,364
SCOTCH,590
SCOUT,578
SCOWL,456
SCRATCH,543
SCREAM,589
SCROLL,572
SCULL,474
SEA,606
SEAL,563
SEAM,555
SEAR,299
SEARCH,402
SEAT,574
SEE,379
SEED,542
SEEK,335
SEEL,341
SEEM,249
SEEN,351
SEER,309
SEINE,367
SELF,466
SELL,397
SEND,423
SENSE,368
SENT,386
SERF,500
SEW,478
SEX,584
SHALE,401
SHALL,237
SHAME,419
SHAPE,471
SHARK,602
SHARP,495
SHAWL,576
SHE,474
SHEAR,484
SHED,602
SHEEP,596
SHEER,440
SHEET,594
SHELL,581
SHIELD,556
SHIP,612
SHIRT,612
SHOCK,471
SHOE,601
SHONE,384
SHOOT,494
SHOP,561
SHORE,624
SHORT,431
SHOT,535
SHOULD,295
SHOUT,484
SHOW,424
SHOWN,273
SHRIEK,515
SHRIMP,618
SHRUB,556
SHRUG,497
SICK,456
SIDE,386
SIEGE,445
SIGH,440
SIGHT,406
SIGN,534
SILK,510
SIMPLE,344
SIN,441
SINCE,264
SINE,377
SING,527
SINGLE,415
SINK,599
SIT,487
SITE,406
SIZE,415
SKATE,563
SKETCH,510
SKI,615
SKILL,366
SKIN,638
SKIRT,573
SKULL,609
SKUNK,652
SKY,618
SLAG,373
SLANG,411
SLAP,542
SLAVE,564
SLAY,454
SLEAVE,381
SLEEP,530
SLEET,547
SLEEVE,550
SLEIGH,608
SLEPT,393
SLICE,507
SLIDE,490
SLIGHT,317
SLIME,558
SLIP,497
SLIT,508
SLOE,276
SLOPE,578
SLOUGH,245
SLOW,377
SLUSH,567
SMACK,601
SMALL,447
SMART,396
SMASH,518
SMEAR,415
SMELL,477
SMELT,473
SMILE,615
SMOKE,615
SMOOTH,472
SMUG,352
SMUT,426
SNAIL,577
SNAKE,627
SNAP,410
SNEER,494
SNEEZE,562
SNORT,472
SNOW,597
SNUB,348
SO,227
SOAP,600
SOAR,436
SOB,483
SOCK,553
SOD,467
SOFT,476
SOIL,566
SOLD,408
SOLE,462
SOME,302
SON,560
SONG,578
SOON,278
SOOT,531
SOP,294
SORE,486
SOUL,366
SOUND,497
SOUP,604
SOUR,495
SOUTH,476
SOW,479
SPACE,538
SPADE,578
SPAN,381
SPANK,522
SPARE,316
SPARK,539
SPEAK,488
SPEAR,545
SPECK,503
SPEECH,447
SPELL,429
SPERM,548
SPHERE,562
SPICE,592
SPIKE,573
SPIRE,541
SPITE,405
SPLIT,445
SPOKE,466
SPONGE,577
SPOOK,449
SPOOL,552
SPOON,584
SPOT,507
SPOUT,466
SPRAY,559
SPREE,425
SPRING,585
SPRINT,526
SPRUCE,532
SPURT,491
SQUARE,610
SQUEAK,492
SQUIB,390
SQUINT,515
SQUIRE,459
SQUIRT,496
STAFF,478
STAIN,533
STAIR,551
STAKE,506
STALE,412
STALK,440
STAND,471
STAR,623
STARCH,497
STARE,420
STARTLE,410
STATE,511
STAY,321
STEAK,647
STEAL,448
STEAM,591
STEEL,534
STEM,533
STEP,483
STEPPE,427
STERN,424
STEW,587
STICK,517
STIFLE,381
STILE,413
STILL,345
STING,553
STOAT,483
STOLE,441
STONE,585
STOOL,584
STOP,452
STORE,506
STORK,570
STORM,587
STOUT,521
STOVE,592
STRAIGHT,453
STRAIN,402
STRAND,431
STRANGE,378
STRAW,568
STREET,577
STRENGTH,470
STRICT,383
STRIDE,462
STRING,556
STRIPE,562
STROKE,481
STRONG,463
STROP,208
STRUT,437
STUB,495
STUMP,490
STUNT,429
STYLE,416
SUCH,219
SUDS,565
SUE,449
SUEDE,550
SUIT,536
SUITE,487
SUM,465
SUN,639
SURE,285
SURF,601
SWAGE,234
SWAMP,600
SWARD,207
SWARM,488
SWAYED,404
SWEAT,560
SWEEP,513
SWEET,493
SWELL,410
SWIFT,460
SWIM,572
SWORD,597
SWORE,404
TACK,546
TAIL,551
TAKE,337
TALE,363
TALK,453
TALL,514
TAME,447
TANG,518
TANK,563
TAP,541
TAPE,573
TAR,550
TARN,299
TASK,410
TASTE,425
TAX,446
TEA,599
TEACH,429
TEAM,565
TEAR,550
TEEM,346
TEETH,611
TELL,350
TEMPLE,547
TEMPT,437
TENSE,422
TENT,593
TERM,387
TEST,528
TEXT,437
THAN,213
THANE,251
THAT,225
THAW,466
THE,209
THEFT,436
THEIR,255
THEM,368
THEME,395
THEN,204
THERE,283
THESE,267
THEY,312
THICK,468
THIEF,529
THIMBLE,570
THIN,502
THING,358
THINK,384
THIS,279
THISTLE,624
THONG,448
THORN,600
THOSE,247
THOUGHT,348
THREAD,568
THREAT,408
THREE,495
THREW,421
THRILL,483
THROAT,561
THROE,299
THRONG,452
THROUGH,320
THROW,477
THUD,453
THUMB,599
THUS,267
THWART,324
THYME,470
TICKLE,492
TIDE,530
TIE,551
TIGHT,495
TILL,364
TIME,413
TIN,532
TING,316
TIP,483
TITLE,413
TO,220
TOAD,591
TOAST,594
TOE,620
TOIL,393
TOLD,286
TOLL,419
TOMB,596
TON,475
TONGUE,621
TOO,261
TOOL,538
TOOTH,624
TOP,486
TOUCH,456
TOUGH,486
TOW,406
TOWN,553
TOY,569
TRACE,384
TRACK,499
TRADE,390
TRAIL,525
TRAIN,593
TRANCE,463
TRASH,599
TRAWL,352
TRAY,550
TREAT,360
TREE,622
TREND,373
TREY,287
TRIAL,516
TRIBE,515
TRICK,459
TRIED,303
TRIM,378
TRIP,520
TROOP,498
TROUPE,404
TROUT,617
TRUCE,481
TRUCK,621
TRUE,365
TRUNK,529
TRUST,356
TRUTH,374
TRY,318
TUBE,564
TUCK,416
TUFF,366
TUN,235
TUNE,463
TURN,384
TUSH,143
TUSK,538
TWANG,387
TWEED,540
TWIG,555
TWIST,529
TWO,445
TYPE,395
UNCLE,574
UP,391
URN,510
US,428
USED,344
VAGUE,321
VAIN,351
VALE,421
VAN,572
VANE,377
VASE,563
VAULT,550
VEAL,519
VEIL,516
VEIN,546
VERB,357
VERSE,489
VEST,581
VET,494
VIAL,424
VICE,413
VIEW,430
VILE,444
VINE,564
VOICE,489
VOLT,415
VOTE,477
VOW,389
WAD,370
WAGE,466
WAIL,452
WAIST,530
WAIT,357
WAIVE,350
WALK,505
WALL,576
WALTZ,524
WAND,513
WANT,361
WAR,551
WARE,399
WARM,441
WARMTH,551
WARN,359
WAS,264
WASH,522
WASTE,448
WATCH,525
WATT,370
WAVE,542
WAX,547
WAY,315
WE,389
WEAK,414
WEALTH,500
WEAR,328
WEB,602
WEED,596
WEEK,481
WEEP,523
WEIGH,411
WEIGHT,521
WEIRD,466
WELL,522
WELT,297
WENCH,520
WENT,308
WERE,243
WEST,426
WET,509
WHACK,486
WHALE,623
WHARF,463
WHAT,249
WHEAT,577
WHEEL,576
WHEN,231
WHERE,255
WHICH,257
WHIFF,461
WHILE,302
WHIP,579
WHIRL,499
WHITE,566
WHO,261
WHOLE,377
WHOM,301
WHOOP,426
WHY,251
WICK,535
WIDE,455
WIFE,575
WIG,587
WIGGLE,491
WILD,500
WILL,322
WIN,454
WIND,535
WINE,624
WING,584
WINK,501
WIRE,564
WISE,412
WISH,399
WITCH,589
WITH,287
WOE,348
WOLF,610
WOMB,529
WON,418
WOOD,577
WOOL,586
WORK,458
WORLD,560
WORM,578
WORN,457
WORSE,339
WORTH,275
WOULD,211
WOUND,570
WRACK,424
WRAP,482
WRATH,377
WRECK,595
WREN,551
WREST,313
WRITE,548
WRONG,344
WROTE,469
WRUNG,352
YACHT,624
YARD,568
YAWN,545
YEAR,428
YELL,501
YELP,499
YET,237
YEW,467
YOKE,514
YOLK,530
YORE,218
YOU,400
YOUNG,521
YOUR,289
YOUTH,507
ZEAL,347
ZONE,432
ZOO,613
