,word
11,adze
49,ares
75,awns
90,baize
125,barm
135,bass
136,bass
201,ben
224,bight
225,bights
239,bine
284,blench
359,bole
360,boles
361,boll
362,bolls
390,bosh
401,bourse
413,bract
422,brailles
461,breve
473,briefs
474,brig
512,brunts
544,bung
550,bur
560,burs
564,buss
576,ca
581,cadge
583,caff
641,cay
642,cays
645,cede
653,cert
657,chaff
674,chard
675,chards
687,chaw
688,chaws
704,chert
705,cherts
712,chi
725,chine
726,chines
740,choc
741,chock
742,chocks
788,cirque
809,claque
928,coir
932,cole
933,coles
941,conch
942,conches
975,corm
981,corse
982,cos
986,cote
987,cotes
1018,crag
1019,crags
1020,crake
1056,creel
1059,crepe
1060,crepes
1082,croft
1092,crore
1098,croup
1113,cruse
1170,dace
1241,delf
1278,dins
1280,dints
1286,dirk
1287,dirks
1289,dirts
1329,dos
1331,doss
1354,drake
1355,drakes
1356,dram
1357,drams
1369,dray
1394,drogue
1411,drub
1417,drupe
1464,dwarfs
1480,earths
1492,eft
1506,er
1518,fa
1540,fames
1586,fen
1588,fens
1641,firth
1642,firths
1667,flange
1717,flitch
1795,fores
1809,fount
1878,fug
1888,funs
1907,gage
1918,galls
1942,gauds
1957,geld
1961,gen
1972,ghat
1973,ghats
1974,ghee
1975,ghees
1997,girt
2081,goos
2086,gorse
2087,gos
2094,gouts
2134,greaves
2167,grists
2173,groat
2174,groats
2186,grot
2249,haft
2250,hafts
2275,hap
2276,haps
2299,hath
2309,haws
2337,heck
2338,hecks
2351,hells
2357,helve
2372,hew
2373,hewed
2374,hews
2382,hie
2409,ho
2410,hoar
2419,hod
2420,hods
2548,jakes
2554,jape
2555,japes
2572,jell
2590,jinks
2612,joss
2633,jute
2634,jutes
2635,kail
2648,kens
2650,ketch
2672,kip
2673,kips
2674,kirk
2675,kirks
2682,klutz
2714,knout
2739,lammed
2761,lat
2764,lath
2767,laths
2783,lea
2798,leas
2820,lek
2821,leks
2835,ley
2863,ling
2871,lisle
2872,lisles
2878,lithe
2886,loam
2887,loams
2909,loge
2940,lores
2957,luff
2984,lyes
3010,malls
3013,mam
3018,manse
3021,mar
3022,marc
3027,marge
3031,marl
3032,marls
3033,marred
3034,mars
3038,mas
3053,maths
3055,maul
3101,mil
3109,mils
3110,milt
3112,min
3137,mo
3151,moil
3153,moke
3209,mu
3231,mus
3263,nark
3264,nave
3265,naves
3268,neap
3269,neaps
3272,neb
3273,nebs
3282,ness
3300,niff
3305,nils
3312,nob
3319,non
3361,oast
3382,ops
3442,paps
3455,pas
3464,pate
3465,pates
3476,pawl
3516,peke
3517,pelf
3535,phi
3537,phlox
3577,pique
3586,plage
3618,pleb
3625,plinth
3655,po
3672,pom
3675,ponce
3678,pone
3679,pones
3680,pons
3688,poove
3700,porns
3722,pram
3723,prams
3728,prat
3755,prig
3762,prink
3765,prise
3773,prole
3802,puce
3813,pule
3834,purl
3835,purled
3836,purls
3839,pus
3877,quern
3883,quiff
3887,quin
3895,quirt
3896,quirts
3929,rand
3930,rands
3944,rase
3984,reeve
3985,reeves
4004,rhomb
4054,roan
4055,roans
4066,roc
4082,romes
4139,rusk
4140,rusks
4209,scarp
4223,scoffed
4279,scrim
4281,scrims
4297,scurf
4298,scut
4312,sedge
4333,sen
4336,sens
4341,serge
4354,shad
4357,shads
4361,shags
4367,shales
4415,sherd
4416,shew
4432,shirr
4439,shoat
4440,shoats
4500,si
4501,sib
4522,silts
4552,skep
4577,skive
4598,slangs
4643,slits
4647,sloes
4666,sluice
4741,snick
4750,snog
4751,snood
4752,snook
4801,sooth
4806,soots
4896,splodge
4913,spoor
4940,sprit
4946,spume
5010,staph
5011,staphs
5042,stealths
5080,stoat
5083,stodge
5106,stoup
5225,swag
5226,swain
5236,sward
5278,swiz
5288,sylphs
5290,ta
5314,tam
5319,tams
5322,tangs
5333,tare
5334,tares
5335,tarn
5336,tarns
5337,tars
5343,tat
5344,tats
5349,taw
5350,taws
5373,teg
5378,tench
5394,thane
5433,tho
5434,thole
5492,thy
5495,ti
5516,tilth
5542,toff
5566,tope
5568,toque
5569,tor
5574,tors
5602,trad
5634,trews
5644,trigs
5662,troth
5673,troys
5708,tulle
5709,tulles
5710,tun
5713,tuns
5714,tup
5717,turfs
5721,turps
5805,vetch
5816,vim
5817,vims
5826,voile
5827,voiles
5942,weft
5943,wefts
5947,weir
5949,weirs
5959,wens
5986,wheys
6011,whit
6034,wight
6035,wights
6072,withe
6075,woad
6076,woads
6187,yew
