,word,n_feature
0,a,9.0
1,ace,7.0
2,ache,5.0
3,ached,6.0
4,aches,6.0
5,act,2.0
6,acts,3.0
7,ad,7.0
8,add,3.0
9,adds,4.0
10,ads,8.0
11,aft,9.0
12,age,4.0
13,aid,5.0
14,aide,11.0
15,aides,12.0
16,aids,6.0
17,ail,6.0
18,ailed,7.0
19,ails,7.0
20,aim,5.0
21,aimed,6.0
22,aims,6.0
23,air,5.0
24,airs,6.0
25,aisle,7.0
26,aisles,8.0
27,ale,7.0
28,ales,8.0
29,all,8.0
30,alms,1.0
31,alp,10.0
32,alps,11.0
33,am,4.0
34,amp,6.0
35,an,9.0
36,and,8.0
37,angst,5.0
38,ant,23.0
39,ants,24.0
40,ape,23.0
41,apes,24.0
42,apse,5.0
43,apt,6.0
44,arc,4.0
45,arch,7.0
46,arcs,5.0
47,are,4.0
48,ark,10.0
49,arks,11.0
50,arm,11.0
51,arms,12.0
52,arse,6.0
53,art,6.0
54,arts,7.0
55,as,10.0
56,ash,4.0
57,ask,7.0
58,asked,8.0
59,asks,8.0
60,asp,20.0
61,asps,21.0
62,ass,7.0
63,at,7.0
64,ate,5.0
65,aught,5.0
66,aunt,10.0
67,aunts,11.0
68,awe,4.0
69,awes,5.0
70,awl,10.0
71,awls,11.0
72,awn,8.0
73,ax,16.0
74,axe,16.0
75,aye,7.0
76,babe,10.0
77,babes,11.0
78,back,11.0
79,bad,7.0
80,badge,9.0
81,bag,6.0
82,bags,7.0
83,bail,3.0
84,bails,4.0
85,bait,4.0
86,baits,5.0
87,bake,7.0
88,baked,8.0
89,bakes,8.0
90,bald,6.0
91,bale,7.0
92,bales,8.0
93,balk,5.0
94,balked,6.0
95,balks,6.0
96,ball,7.0
97,balls,8.0
98,balm,8.0
99,balms,9.0
100,ban,14.0
101,band,4.0
102,bands,5.0
103,bane,3.0
104,banes,4.0
105,bang,6.0
106,banged,7.0
107,bangs,7.0
108,bank,4.0
109,banks,5.0
110,bans,15.0
111,bar,13.0
112,barb,9.0
113,barbs,10.0
114,bard,8.0
115,bards,9.0
116,bare,5.0
117,barge,20.0
118,bark,9.0
119,barked,10.0
120,barks,10.0
121,barn,29.0
122,barns,30.0
123,bars,14.0
124,base,3.0
125,based,4.0
126,bash,6.0
127,bask,4.0
128,basked,5.0
129,basks,5.0
130,bast,6.0
131,baste,6.0
132,bastes,7.0
133,bat,9.0
134,batch,3.0
135,bate,7.0
136,bath,10.0
137,bathe,8.0
138,bathed,9.0
139,bathes,9.0
140,baths,11.0
141,bats,10.0
142,bawl,7.0
143,bawled,8.0
144,bawls,8.0
145,bay,4.0
146,bays,5.0
147,be,2.0
148,beach,6.0
149,bead,7.0
150,beads,8.0
151,beak,8.0
152,beaks,9.0
153,beam,6.0
154,beams,7.0
155,bean,10.0
156,beans,11.0
157,bear,22.0
158,beard,10.0
159,beards,11.0
160,bears,23.0
161,beast,7.0
162,beasts,8.0
163,beat,
164,beat,
165,beats,6.0
166,beau,14.0
167,beaus,15.0
168,beck,7.0
169,becks,8.0
170,bed,7.0
171,beds,8.0
172,bee,25.0
173,beech,19.0
174,beef,34.0
175,beefs,35.0
176,beep,5.0
177,beeps,6.0
178,beer,8.0
179,beers,9.0
180,bees,26.0
181,beet,15.0
182,beets,16.0
183,beg,9.0
184,begged,10.0
185,begs,10.0
186,beige,6.0
187,belch,8.0
188,bell,6.0
189,belle,13.0
190,belles,14.0
191,bells,7.0
192,belt,4.0
193,belts,5.0
194,bench,10.0
195,bend,8.0
196,bends,9.0
197,bent,9.0
198,berg,6.0
199,bergs,7.0
200,berth,5.0
201,berths,6.0
202,best,6.0
203,bet,
204,bet,
205,bets,6.0
206,bey,12.0
207,bib,8.0
208,bibs,9.0
209,bid,2.0
210,bide,4.0
211,bids,3.0
212,bier,10.0
213,biers,11.0
214,biff,6.0
215,big,9.0
216,bike,27.0
217,bikes,28.0
218,bile,8.0
219,biles,9.0
220,bilge,7.0
221,bilk,8.0
222,bilked,9.0
223,bilks,9.0
224,bill,13.0
225,bills,14.0
226,bin,5.0
227,bind,5.0
228,binds,6.0
229,binge,7.0
230,bins,6.0
231,birch,7.0
232,bird,30.0
233,birds,31.0
234,birth,5.0
235,births,6.0
236,bisque,11.0
237,bit,5.0
238,bitch,6.0
239,bite,7.0
240,bits,6.0
241,biz,4.0
242,blab,7.0
243,blabbed,8.0
244,blabs,8.0
245,black,5.0
246,blade,8.0
247,blades,9.0
248,blah,5.0
249,blame,5.0
250,blamed,6.0
251,blames,6.0
252,blanch,6.0
253,blanched,7.0
254,bland,8.0
255,blank,4.0
256,blare,8.0
257,blared,9.0
258,blares,9.0
259,blast,8.0
260,blasts,9.0
261,blaze,4.0
262,blazed,5.0
263,bleach,5.0
264,bleached,6.0
265,bleak,7.0
266,bleat,5.0
267,bleats,6.0
268,bled,6.0
269,bleed,5.0
270,bleeds,6.0
271,bleep,5.0
272,bleeps,6.0
273,blend,4.0
274,blends,5.0
275,bless,4.0
276,blessed,5.0
277,blew,7.0
278,blight,7.0
279,blights,8.0
280,blimp,10.0
281,blimps,11.0
282,blind,6.0
283,blink,5.0
284,blinked,6.0
285,blinks,6.0
286,blip,6.0
287,blips,7.0
288,bliss,4.0
289,blithe,7.0
290,blitz,6.0
291,bloat,5.0
292,bloats,6.0
293,blob,4.0
294,blobs,5.0
295,bloc,4.0
296,block,5.0
297,blocks,6.0
298,blocs,5.0
299,bloke,13.0
300,blokes,14.0
301,blond,9.0
302,blonde,8.0
303,blood,9.0
304,bloods,10.0
305,bloom,8.0
306,bloomed,9.0
307,blooms,9.0
308,blot,7.0
309,blotch,9.0
310,blots,8.0
311,blouse,23.0
312,blow,6.0
313,blows,7.0
314,blue,5.0
315,blues,7.0
316,bluff,8.0
317,bluffs,9.0
318,blunt,7.0
319,blur,3.0
320,blurb,7.0
321,blurred,4.0
322,blurs,4.0
323,blurt,6.0
324,blurts,7.0
325,blush,6.0
326,blushed,7.0
327,boar,27.0
328,board,6.0
329,boards,7.0
330,boars,28.0
331,boast,10.0
332,boasts,11.0
333,boat,20.0
334,boats,21.0
335,bob,4.0
336,bobbed,5.0
337,bobs,5.0
338,bock,9.0
339,bocks,10.0
340,bod,7.0
341,bode,7.0
342,bog,3.0
343,boil,6.0
344,boiled,7.0
345,boils,7.0
346,bold,8.0
347,bolt,5.0
348,bolts,6.0
349,bomb,11.0
350,bombs,12.0
351,bond,7.0
352,bonds,8.0
353,bone,16.0
354,bones,17.0
355,boo,9.0
356,book,16.0
357,books,17.0
358,boom,5.0
359,booms,6.0
360,boon,5.0
361,boons,6.0
362,boor,11.0
363,boors,12.0
364,boos,10.0
365,boost,3.0
366,boosts,4.0
367,boot,16.0
368,booth,11.0
369,booths,12.0
370,boots,17.0
371,booze,8.0
372,bop,7.0
373,bops,8.0
374,boss,9.0
375,botch,4.0
376,both,10.0
377,bough,9.0
378,boughs,10.0
379,bought,5.0
380,bounce,6.0
381,bounced,7.0
382,bound,6.0
383,bourn,6.0
384,bout,3.0
385,bouts,4.0
386,bow,9.0
387,bowl,9.0
388,bowls,10.0
389,bows,10.0
390,box,8.0
391,boy,9.0
392,boys,10.0
393,bra,22.0
394,brace,7.0
395,brad,11.0
396,brads,12.0
397,brag,9.0
398,bragged,10.0
399,brags,10.0
400,braid,6.0
401,braids,7.0
402,braille,8.0
403,brain,6.0
404,brains,7.0
405,braise,5.0
406,brake,7.0
407,brakes,8.0
408,bran,7.0
409,branch,7.0
410,brand,7.0
411,brands,8.0
412,brans,8.0
413,brash,8.0
414,brass,7.0
415,brat,13.0
416,brats,14.0
417,brave,7.0
418,brawl,3.0
419,brawls,4.0
420,brawn,5.0
421,brawns,6.0
422,bray,9.0
423,brayed,10.0
424,brays,10.0
425,braze,5.0
426,breach,4.0
427,bread,8.0
428,breads,9.0
429,breadth,5.0
430,breadths,6.0
431,break,5.0
432,breast,5.0
433,breasts,6.0
434,breath,9.0
435,breathe,6.0
436,breaths,10.0
437,breech,5.0
438,breed,4.0
439,breeds,5.0
440,breeze,7.0
441,brew,8.0
442,brews,9.0
443,bribe,7.0
444,bribed,8.0
445,bribes,8.0
446,brick,4.0
447,bricks,5.0
448,bride,10.0
449,brides,11.0
450,bridge,10.0
451,brief,7.0
452,bright,5.0
453,brigs,27.0
454,brill,30.0
455,brim,6.0
456,brims,7.0
457,brine,7.0
458,bring,6.0
459,brings,7.0
460,brink,6.0
461,brinks,7.0
462,brisk,6.0
463,broach,9.0
464,broached,10.0
465,broad,8.0
466,brogue,21.0
467,broil,5.0
468,broiled,6.0
469,broils,6.0
470,broke,7.0
471,bronx,6.0
472,bronze,7.0
473,brooch,8.0
474,brood,6.0
475,broods,7.0
476,brook,9.0
477,brooks,10.0
478,broom,5.0
479,brooms,6.0
480,broth,11.0
481,broths,12.0
482,brought,7.0
483,brow,6.0
484,brown,7.0
485,brows,7.0
486,bruise,6.0
487,brunch,12.0
488,brunt,5.0
489,brush,5.0
490,brushed,6.0
491,brute,11.0
492,brutes,12.0
493,buck,7.0
494,bucks,8.0
495,bud,7.0
496,budge,4.0
497,budged,5.0
498,buds,8.0
499,buff,6.0
500,bug,23.0
501,bugs,24.0
502,build,5.0
503,builds,6.0
504,built,6.0
505,bulb,8.0
506,bulbs,9.0
507,bulge,5.0
508,bulged,6.0
509,bulk,5.0
510,bulks,6.0
511,bull,36.0
512,bulls,37.0
513,bum,13.0
514,bump,6.0
515,bumped,7.0
516,bumps,7.0
517,bums,14.0
518,bun,9.0
519,bunch,5.0
520,bunk,6.0
521,bunks,7.0
522,buns,10.0
523,bunt,6.0
524,bunts,7.0
525,burl,7.0
526,burls,8.0
527,burn,5.0
528,burned,6.0
529,burns,6.0
530,burp,9.0
531,burps,10.0
532,burr,7.0
533,burrs,8.0
534,burst,7.0
535,bus,7.0
536,bush,15.0
537,bust,4.0
538,busts,5.0
539,but,9.0
540,butch,10.0
541,butt,8.0
542,butts,9.0
543,buy,4.0
544,buys,5.0
545,buzz,6.0
546,buzzed,7.0
547,by,9.0
548,cab,14.0
549,cabs,15.0
550,cache,10.0
551,cad,10.0
552,cads,11.0
553,cage,6.0
554,cake,5.0
555,cakes,6.0
556,calf,10.0
557,call,5.0
558,called,6.0
559,calls,6.0
560,calm,6.0
561,calve,5.0
562,calves,11.0
563,cam,7.0
564,came,8.0
565,camp,9.0
566,camps,10.0
567,cams,8.0
568,cane,6.0
569,canes,7.0
570,cant,4.0
571,cants,5.0
572,cap,8.0
573,cape,5.0
574,capes,6.0
575,caps,9.0
576,car,56.0
577,card,6.0
578,cards,7.0
579,care,7.0
580,cared,8.0
581,cares,8.0
582,carp,3.0
583,cars,57.0
584,cart,17.0
585,carts,18.0
586,carve,6.0
587,carved,7.0
588,carves,7.0
589,case,5.0
590,cash,4.0
591,cask,6.0
592,casks,7.0
593,casque,9.0
594,cast,
595,cast,
596,caste,3.0
597,castes,4.0
598,casts,7.0
599,cat,24.0
600,catch,4.0
601,cats,25.0
602,caught,5.0
603,caul,7.0
604,caulk,6.0
605,cause,4.0
606,caused,5.0
607,cave,8.0
608,caves,9.0
609,caw,9.0
610,cease,2.0
611,ceased,3.0
612,cell,11.0
613,cells,12.0
614,celt,9.0
615,celts,10.0
616,cense,4.0
617,cent,7.0
618,cents,8.0
619,chafe,5.0
620,chafed,6.0
621,chafes,6.0
622,chain,5.0
623,chains,6.0
624,chair,12.0
625,chairs,13.0
626,chaise,13.0
627,chalk,6.0
628,chalks,7.0
629,champ,9.0
630,champs,10.0
631,chance,3.0
632,change,3.0
633,chant,7.0
634,chants,8.0
635,chap,11.0
636,chaps,12.0
637,char,4.0
638,charge,8.0
639,charm,7.0
640,charms,8.0
641,charred,5.0
642,chars,5.0
643,chart,9.0
644,charts,10.0
645,chase,4.0
646,chaste,6.0
647,chat,6.0
648,chats,7.0
649,cheap,6.0
650,cheat,7.0
651,cheats,8.0
652,check,4.0
653,checked,5.0
654,checks,5.0
655,cheek,6.0
656,cheeks,7.0
657,cheep,9.0
658,cheeps,10.0
659,cheer,7.0
660,cheers,8.0
661,cheese,7.0
662,chef,10.0
663,chefs,11.0
664,chess,15.0
665,chest,5.0
666,chests,6.0
667,chew,9.0
668,chewed,10.0
669,chews,10.0
670,chic,4.0
671,chick,36.0
672,chicks,37.0
673,chide,7.0
674,child,12.0
675,chill,7.0
676,chills,8.0
677,chime,9.0
678,chimes,10.0
679,chimp,23.0
680,chimps,24.0
681,chin,6.0
682,chink,7.0
683,chinked,8.0
684,chinks,8.0
685,chins,7.0
686,chip,5.0
687,chips,6.0
688,chirp,10.0
689,chirped,11.0
690,chirps,11.0
691,chit,16.0
692,chits,17.0
693,chive,13.0
694,chives,14.0
695,choice,5.0
696,choir,4.0
697,choirs,5.0
698,choke,6.0
699,choked,7.0
700,chokes,7.0
701,chomp,7.0
702,chomps,8.0
703,choose,5.0
704,chop,7.0
705,chopped,8.0
706,chops,8.0
707,chord,4.0
708,chords,5.0
709,chore,6.0
710,chores,7.0
711,chose,6.0
712,chow,7.0
713,chows,8.0
714,christ,6.0
715,christs,7.0
716,chrome,7.0
717,chromes,8.0
718,chub,32.0
719,chubs,33.0
720,chuck,7.0
721,chucks,8.0
722,chug,6.0
723,chugged,7.0
724,chugs,7.0
725,chum,10.0
726,chump,10.0
727,chumps,11.0
728,chums,11.0
729,chunk,5.0
730,chunks,6.0
731,church,6.0
732,churl,11.0
733,churls,12.0
734,churn,6.0
735,churned,7.0
736,churns,7.0
737,chute,5.0
738,chutes,6.0
739,cinch,3.0
740,cite,4.0
741,cites,5.0
742,clad,5.0
743,claim,9.0
744,claims,10.0
745,clam,13.0
746,clamp,6.0
747,clamped,7.0
748,clamps,7.0
749,clams,14.0
750,clan,3.0
751,clang,6.0
752,clangs,7.0
753,clank,7.0
754,clanked,8.0
755,clanks,8.0
756,clans,4.0
757,clap,6.0
758,clapped,7.0
759,claps,7.0
760,clash,5.0
761,clasp,5.0
762,clasped,6.0
763,clasps,6.0
764,class,3.0
765,clause,10.0
766,claw,6.0
767,claws,7.0
768,clay,7.0
769,clays,8.0
770,clean,4.0
771,cleaned,5.0
772,cleans,5.0
773,cleanse,7.0
774,cleansed,8.0
775,clear,6.0
776,cleat,9.0
777,cleats,10.0
778,cleave,6.0
779,cleaves,7.0
780,clef,12.0
781,cleft,5.0
782,clefts,6.0
783,clench,5.0
784,clenched,6.0
785,clerk,9.0
786,clerks,10.0
787,click,5.0
788,clicked,6.0
789,clicks,6.0
790,cliff,5.0
791,cliffs,6.0
792,climb,5.0
793,climbed,6.0
794,climbs,6.0
795,clime,4.0
796,climes,5.0
797,clinch,6.0
798,clinched,7.0
799,cling,3.0
800,clings,4.0
801,clink,4.0
802,clinked,5.0
803,clinks,5.0
804,clip,8.0
805,clips,9.0
806,clique,4.0
807,cliques,5.0
808,cloak,5.0
809,cloaks,6.0
810,clock,8.0
811,clocks,9.0
812,clod,5.0
813,clods,6.0
814,clog,7.0
815,clogged,8.0
816,clogs,8.0
817,clone,4.0
818,clones,5.0
819,clop,8.0
820,close,
821,close,
822,closed,
823,closed,
824,clot,5.0
825,cloth,8.0
826,clothe,5.0
827,clothed,6.0
828,clothes,6.0
829,cloths,9.0
830,clots,6.0
831,cloud,4.0
832,clouds,5.0
833,clout,10.0
834,clouts,11.0
835,clove,7.0
836,clown,10.0
837,clowns,11.0
838,cloy,6.0
839,club,6.0
840,clubs,7.0
841,cluck,5.0
842,clucks,6.0
843,clue,7.0
844,clues,8.0
845,clump,4.0
846,clumps,5.0
847,clung,4.0
848,clunk,5.0
849,clutch,5.0
850,clutched,6.0
851,coach,9.0
852,coal,5.0
853,coals,6.0
854,coarse,8.0
855,coast,9.0
856,coasts,10.0
857,coat,27.0
858,coats,28.0
859,coax,5.0
860,coaxed,6.0
861,cob,11.0
862,cobs,12.0
863,cock,6.0
864,cocked,7.0
865,cocks,7.0
866,cod,8.0
867,code,6.0
868,codes,7.0
869,cods,9.0
870,cog,9.0
871,cogs,10.0
872,coif,9.0
873,coifs,10.0
874,coil,8.0
875,coils,9.0
876,coin,8.0
877,coins,9.0
878,coke,5.0
879,cokes,6.0
880,cold,5.0
881,colt,11.0
882,colts,12.0
883,comb,7.0
884,combs,8.0
885,come,7.0
886,comes,8.0
887,con,7.0
888,cone,4.0
889,cones,5.0
890,conk,17.0
891,conks,18.0
892,cons,8.0
893,coo,7.0
894,cooed,8.0
895,cook,5.0
896,cooked,6.0
897,cooks,6.0
898,cool,6.0
899,cooled,7.0
900,cools,7.0
901,coon,9.0
902,coons,10.0
903,coop,30.0
904,coops,31.0
905,coos,8.0
906,coot,32.0
907,coots,33.0
908,cop,11.0
909,cope,3.0
910,coped,4.0
911,copes,4.0
912,cops,12.0
913,copse,4.0
914,cord,7.0
915,cords,8.0
916,core,3.0
917,cores,4.0
918,cork,5.0
919,corks,6.0
920,corn,19.0
921,corns,20.0
922,corps,
923,corps,
924,corpse,5.0
925,cost,7.0
926,costs,8.0
927,cot,7.0
928,cots,8.0
929,couch,11.0
930,cough,5.0
931,coughed,6.0
932,coughs,6.0
933,could,7.0
934,count,3.0
935,counts,4.0
936,coup,5.0
937,coupe,57.0
938,coupes,58.0
939,coups,6.0
940,course,4.0
941,court,3.0
942,courts,4.0
943,cove,5.0
944,coves,6.0
945,cow,36.0
946,cowl,6.0
947,cowls,7.0
948,cows,37.0
949,cox,12.0
950,coy,8.0
951,crab,16.0
952,crabs,17.0
953,crack,4.0
954,cracked,5.0
955,cracks,5.0
956,craft,4.0
957,crafts,5.0
958,cram,4.0
959,crammed,5.0
960,cramp,7.0
961,cramps,8.0
962,crams,5.0
963,crane,7.0
964,cranes,8.0
965,crank,11.0
966,cranks,12.0
967,crap,9.0
968,craps,10.0
969,crash,8.0
970,crashed,9.0
971,crass,8.0
972,crate,9.0
973,crates,10.0
974,crave,5.0
975,craved,6.0
976,craves,6.0
977,crawl,5.0
978,crawled,6.0
979,crawls,6.0
980,craze,4.0
981,crazed,5.0
982,creak,8.0
983,creaked,9.0
984,creaks,9.0
985,cream,4.0
986,creams,5.0
987,crease,6.0
988,creche,29.0
989,creed,6.0
990,creeds,7.0
991,creek,8.0
992,creeks,9.0
993,creep,4.0
994,creeps,5.0
995,crept,5.0
996,cress,14.0
997,crest,4.0
998,crests,5.0
999,crew,4.0
1000,crews,5.0
1001,crib,7.0
1002,cribs,8.0
1003,crick,7.0
1004,cried,7.0
1005,cries,7.0
1006,crime,6.0
1007,crimes,7.0
1008,crimp,7.0
1009,cringe,4.0
1010,cringed,5.0
1011,crisp,7.0
1012,croak,8.0
1013,croaks,9.0
1014,crock,12.0
1015,crocks,13.0
1016,crone,13.0
1017,crones,14.0
1018,crook,11.0
1019,crooks,12.0
1020,croon,7.0
1021,crooned,8.0
1022,croons,8.0
1023,crop,7.0
1024,crops,8.0
1025,cross,4.0
1026,crossed,5.0
1027,crotch,5.0
1028,crouch,7.0
1029,crouched,8.0
1030,crow,10.0
1031,crowd,4.0
1032,crowds,5.0
1033,crowed,11.0
1034,crown,7.0
1035,crowns,8.0
1036,crows,11.0
1037,crude,7.0
1038,cruel,8.0
1039,cruise,4.0
1040,cruised,5.0
1041,crumb,11.0
1042,crumbs,12.0
1043,crunch,5.0
1044,crush,9.0
1045,crushed,10.0
1046,crust,5.0
1047,crusts,6.0
1048,crutch,7.0
1049,crux,4.0
1050,cry,6.0
1051,crypt,12.0
1052,crypts,13.0
1053,cub,8.0
1054,cube,6.0
1055,cubes,7.0
1056,cubs,9.0
1057,cud,6.0
1058,cuds,7.0
1059,cue,8.0
1060,cues,9.0
1061,cuff,7.0
1062,cuffs,8.0
1063,cull,4.0
1064,cult,6.0
1065,cults,7.0
1066,cunt,11.0
1067,cup,8.0
1068,cups,9.0
1069,cur,27.0
1070,curb,7.0
1071,curbs,8.0
1072,curd,6.0
1073,curds,7.0
1074,cure,5.0
1075,cured,6.0
1076,cures,6.0
1077,curl,5.0
1078,curled,6.0
1079,curls,6.0
1080,curs,28.0
1081,curse,6.0
1082,cursed,7.0
1083,curt,9.0
1084,curve,5.0
1085,curves,6.0
1086,cusp,7.0
1087,cusps,8.0
1088,cuss,4.0
1089,cut,
1090,cut,
1091,cute,5.0
1092,cuts,8.0
1093,cyst,7.0
1094,cysts,8.0
1095,czar,11.0
1096,czars,12.0
1097,dab,6.0
1098,dabbed,7.0
1099,dabs,7.0
1100,dad,14.0
1101,dads,15.0
1102,daft,8.0
1103,dale,7.0
1104,dales,8.0
1105,dam,11.0
1106,dame,14.0
1107,dames,15.0
1108,damn,3.0
1109,damned,4.0
1110,damns,4.0
1111,damp,6.0
1112,dams,12.0
1113,dance,6.0
1114,dane,9.0
1115,danes,10.0
1116,dang,7.0
1117,dank,7.0
1118,dare,2.0
1119,dared,3.0
1120,dares,3.0
1121,dark,6.0
1122,darn,7.0
1123,darned,8.0
1124,darns,8.0
1125,dart,7.0
1126,darts,8.0
1127,dash,7.0
1128,dashed,8.0
1129,date,9.0
1130,dates,10.0
1131,daub,6.0
1132,daunt,5.0
1133,daunts,6.0
1134,dawn,8.0
1135,dawns,9.0
1136,day,8.0
1137,days,9.0
1138,daze,4.0
1139,dazed,5.0
1140,dead,5.0
1141,deaf,6.0
1142,deal,9.0
1143,deals,10.0
1144,dealt,10.0
1145,dean,10.0
1146,deans,11.0
1147,dear,5.0
1148,dearth,5.0
1149,dearths,6.0
1150,death,4.0
1151,deaths,5.0
1152,deb,12.0
1153,debs,13.0
1154,debt,4.0
1155,debts,5.0
1156,deck,5.0
1157,decks,6.0
1158,deed,5.0
1159,deeds,6.0
1160,deem,5.0
1161,deemed,6.0
1162,deems,6.0
1163,deep,5.0
1164,deer,
1165,deer,
1166,deft,5.0
1167,deign,3.0
1168,deigned,4.0
1169,deigns,4.0
1170,dell,7.0
1171,dells,8.0
1172,delve,5.0
1173,den,9.0
1174,dens,10.0
1175,dense,8.0
1176,dent,8.0
1177,dents,9.0
1178,depth,5.0
1179,depths,6.0
1180,desk,11.0
1181,desks,12.0
1182,dew,5.0
1183,dews,6.0
1184,dial,7.0
1185,dialed,8.0
1186,dials,8.0
1187,dick,12.0
1188,dicks,13.0
1189,did,3.0
1190,die,4.0
1191,died,5.0
1192,dies,5.0
1193,dig,4.0
1194,digs,5.0
1195,dike,11.0
1196,dikes,12.0
1197,dill,13.0
1198,dills,14.0
1199,dim,6.0
1200,dime,9.0
1201,dimes,10.0
1202,din,5.0
1203,dine,5.0
1204,dined,6.0
1205,dines,6.0
1206,dint,5.0
1207,dip,9.0
1208,dipped,10.0
1209,dips,10.0
1210,dire,7.0
1211,dirge,10.0
1212,dirt,8.0
1213,disc,6.0
1214,discs,7.0
1215,dish,8.0
1216,disk,5.0
1217,disks,6.0
1218,ditch,5.0
1219,dive,10.0
1220,dives,11.0
1221,do,2.0
1222,doc,14.0
1223,dock,5.0
1224,docks,6.0
1225,dodge,6.0
1226,dodged,7.0
1227,doe,25.0
1228,does,26.0
1229,doff,5.0
1230,dog,26.0
1231,dogs,27.0
1232,doll,5.0
1233,dolls,6.0
1234,dolt,9.0
1235,dome,9.0
1236,domes,10.0
1237,don,5.0
1238,done,5.0
1239,donned,6.0
1240,dons,6.0
1241,doom,6.0
1242,doomed,7.0
1243,dooms,7.0
1244,door,12.0
1245,doors,13.0
1246,dope,5.0
1247,dopes,6.0
1248,dork,10.0
1249,dorks,11.0
1250,dorm,10.0
1251,dorms,11.0
1252,dose,6.0
1253,dot,6.0
1254,dote,8.0
1255,dots,7.0
1256,doubt,4.0
1257,doubts,5.0
1258,dough,8.0
1259,doughs,9.0
1260,dour,7.0
1261,douse,5.0
1262,doused,6.0
1263,down,12.0
1264,doze,7.0
1265,dozed,8.0
1266,drab,7.0
1267,draft,13.0
1268,drafts,14.0
1269,drag,5.0
1270,dragged,6.0
1271,drags,6.0
1272,drain,5.0
1273,drained,6.0
1274,drains,6.0
1275,drank,5.0
1276,drape,5.0
1277,draped,6.0
1278,drapes,6.0
1279,draught,9.0
1280,draughts,10.0
1281,draw,5.0
1282,drawl,4.0
1283,drawled,5.0
1284,drawls,5.0
1285,draws,6.0
1286,dread,8.0
1287,dreads,9.0
1288,dream,5.0
1289,dreams,6.0
1290,dredge,4.0
1291,drench,6.0
1292,drenched,7.0
1293,dress,5.0
1294,dressed,6.0
1295,drew,6.0
1296,dried,6.0
1297,dries,6.0
1298,drift,5.0
1299,drifts,6.0
1300,drill,5.0
1301,drilled,6.0
1302,drills,6.0
1303,drink,4.0
1304,drinks,5.0
1305,drip,6.0
1306,dripped,7.0
1307,drips,7.0
1308,drive,7.0
1309,drives,8.0
1310,drone,24.0
1311,drones,25.0
1312,drool,4.0
1313,droop,6.0
1314,drooped,7.0
1315,droops,7.0
1316,drop,6.0
1317,dropped,7.0
1318,drops,7.0
1319,dross,6.0
1320,drought,5.0
1321,droughts,6.0
1322,drove,8.0
1323,drown,4.0
1324,drowned,5.0
1325,drowns,5.0
1326,drug,4.0
1327,drugs,5.0
1328,drum,9.0
1329,drums,10.0
1330,drunk,5.0
1331,dry,5.0
1332,dub,6.0
1333,dubbed,7.0
1334,dubs,7.0
1335,duck,5.0
1336,ducked,6.0
1337,ducks,6.0
1338,duct,7.0
1339,ducts,8.0
1340,dud,9.0
1341,dude,12.0
1342,dudes,13.0
1343,duds,10.0
1344,due,6.0
1345,duel,6.0
1346,duels,7.0
1347,dues,7.0
1348,duff,9.0
1349,dug,5.0
1350,duke,13.0
1351,dukes,14.0
1352,dull,8.0
1353,dumb,8.0
1354,dump,4.0
1355,dumped,5.0
1356,dumps,5.0
1357,dun,35.0
1358,dunce,9.0
1359,dune,8.0
1360,dunes,9.0
1361,dung,7.0
1362,dungs,8.0
1363,dunk,9.0
1364,dunked,10.0
1365,dunks,10.0
1366,duns,36.0
1367,dupe,6.0
1368,duped,7.0
1369,dupes,7.0
1370,dusk,8.0
1371,dusks,9.0
1372,dust,8.0
1373,dusts,9.0
1374,dutch,8.0
1375,dwarf,5.0
1376,dwarfed,6.0
1377,dwell,5.0
1378,dwells,6.0
1379,dwelt,6.0
1380,dye,5.0
1381,dyke,11.0
1382,dykes,12.0
1383,each,8.0
1384,ear,9.0
1385,earl,13.0
1386,earls,14.0
1387,earn,5.0
1388,earned,6.0
1389,earns,6.0
1390,ears,10.0
1391,earth,15.0
1392,ease,4.0
1393,east,7.0
1394,eat,4.0
1395,eats,5.0
1396,eaves,9.0
1397,ebb,6.0
1398,ebbed,7.0
1399,ebbs,7.0
1400,edge,7.0
1401,eel,8.0
1402,eels,9.0
1403,egg,15.0
1404,eggs,16.0
1405,elf,6.0
1406,elk,
1407,elk,
1408,ell,4.0
1409,ells,5.0
1410,elm,19.0
1411,elms,20.0
1412,else,9.0
1413,elves,7.0
1414,end,6.0
1415,ends,7.0
1416,ere,10.0
1417,erg,6.0
1418,err,5.0
1419,etch,5.0
1420,etched,6.0
1421,eve,12.0
1422,eves,13.0
1423,ewe,8.0
1424,ewes,9.0
1425,eye,11.0
1426,eyes,12.0
1427,face,10.0
1428,fact,5.0
1429,facts,6.0
1430,fad,8.0
1431,fade,3.0
1432,fades,4.0
1433,fads,9.0
1434,fag,11.0
1435,fags,12.0
1436,fail,5.0
1437,failed,6.0
1438,fails,6.0
1439,faint,6.0
1440,fair,4.0
1441,faith,5.0
1442,faiths,6.0
1443,fake,6.0
1444,fall,6.0
1445,falls,7.0
1446,false,6.0
1447,fame,3.0
1448,fan,7.0
1449,fang,9.0
1450,fangs,10.0
1451,fans,8.0
1452,far,10.0
1453,farce,7.0
1454,fare,6.0
1455,fares,7.0
1456,farm,10.0
1457,farms,11.0
1458,fart,5.0
1459,fast,9.0
1460,fat,7.0
1461,fate,3.0
1462,fates,4.0
1463,fault,4.0
1464,faults,5.0
1465,faun,6.0
1466,fauns,7.0
1467,fawn,5.0
1468,fawned,6.0
1469,fawns,6.0
1470,faze,4.0
1471,fazed,5.0
1472,fear,5.0
1473,fears,6.0
1474,feast,6.0
1475,feasts,7.0
1476,feat,5.0
1477,feats,6.0
1478,fed,7.0
1479,fee,10.0
1480,feed,6.0
1481,feeds,7.0
1482,feel,5.0
1483,feels,6.0
1484,fees,11.0
1485,feet,16.0
1486,feign,5.0
1487,feigned,6.0
1488,feigns,6.0
1489,feint,6.0
1490,feints,7.0
1491,fell,7.0
1492,felt,6.0
1493,fence,10.0
1494,fern,10.0
1495,ferns,11.0
1496,fetch,5.0
1497,fetched,6.0
1498,fete,4.0
1499,fetes,5.0
1500,feud,4.0
1501,feuds,5.0
1502,few,9.0
1503,fez,11.0
1504,fib,8.0
1505,fief,4.0
1506,fiefs,5.0
1507,field,8.0
1508,fields,9.0
1509,fiend,10.0
1510,fiends,11.0
1511,fierce,8.0
1512,fife,15.0
1513,fifes,16.0
1514,fifth,12.0
1515,fig,10.0
1516,fight,4.0
1517,fights,5.0
1518,figs,11.0
1519,filch,6.0
1520,filched,7.0
1521,file,5.0
1522,filed,6.0
1523,files,6.0
1524,fill,4.0
1525,filled,5.0
1526,fills,5.0
1527,film,5.0
1528,films,6.0
1529,filth,7.0
1530,filths,8.0
1531,fin,8.0
1532,finch,31.0
1533,find,3.0
1534,finds,4.0
1535,fine,5.0
1536,fink,9.0
1537,finks,10.0
1538,fins,9.0
1539,fir,7.0
1540,fire,3.0
1541,fires,4.0
1542,firm,4.0
1543,firms,5.0
1544,firs,8.0
1545,first,9.0
1546,fish,
1547,fish,
1548,fist,16.0
1549,fists,17.0
1550,fit,
1551,fit,
1552,fits,7.0
1553,five,12.0
1554,fix,5.0
1555,fixed,6.0
1556,fizz,7.0
1557,flag,6.0
1558,flags,7.0
1559,flail,6.0
1560,flailed,7.0
1561,flails,7.0
1562,flair,7.0
1563,flairs,8.0
1564,flak,8.0
1565,flake,5.0
1566,flakes,6.0
1567,flame,4.0
1568,flames,5.0
1569,flan,7.0
1570,flank,5.0
1571,flanked,6.0
1572,flanks,6.0
1573,flap,4.0
1574,flapped,5.0
1575,flaps,5.0
1576,flare,7.0
1577,flared,8.0
1578,flares,8.0
1579,flash,8.0
1580,flashed,9.0
1581,flask,11.0
1582,flasks,12.0
1583,flat,6.0
1584,flaunt,3.0
1585,flaw,3.0
1586,flaws,4.0
1587,flax,8.0
1588,flay,6.0
1589,flea,23.0
1590,fleas,24.0
1591,fleck,5.0
1592,flecks,6.0
1593,fledge,3.0
1594,flee,5.0
1595,fleet,5.0
1596,fleets,6.0
1597,flesh,7.0
1598,flew,5.0
1599,flex,6.0
1600,flexed,7.0
1601,flick,8.0
1602,flicked,9.0
1603,flicks,9.0
1604,flies,5.0
1605,flight,3.0
1606,flights,4.0
1607,flinch,5.0
1608,flinched,6.0
1609,fling,7.0
1610,flings,8.0
1611,flint,7.0
1612,flints,8.0
1613,flip,6.0
1614,flipped,7.0
1615,flips,7.0
1616,flirt,6.0
1617,flirts,7.0
1618,flit,7.0
1619,flits,8.0
1620,float,4.0
1621,floats,5.0
1622,flock,3.0
1623,flocks,4.0
1624,floe,5.0
1625,floes,6.0
1626,flog,6.0
1627,flogged,7.0
1628,flogs,7.0
1629,flood,4.0
1630,floods,5.0
1631,floor,6.0
1632,floors,7.0
1633,flop,4.0
1634,flopped,5.0
1635,flops,5.0
1636,floss,8.0
1637,flounce,5.0
1638,flounced,6.0
1639,flour,6.0
1640,flours,7.0
1641,flout,4.0
1642,flow,5.0
1643,flows,6.0
1644,flu,11.0
1645,flub,4.0
1646,flubbed,5.0
1647,flubs,5.0
1648,flue,9.0
1649,fluff,5.0
1650,fluffs,6.0
1651,fluke,1.0
1652,flukes,2.0
1653,flume,10.0
1654,flung,8.0
1655,flunk,3.0
1656,flus,12.0
1657,flush,5.0
1658,flushed,6.0
1659,flute,14.0
1660,flutes,15.0
1661,flux,5.0
1662,fly,4.0
1663,foal,10.0
1664,foals,11.0
1665,foam,10.0
1666,foams,11.0
1667,fob,8.0
1668,fobs,9.0
1669,foe,8.0
1670,foes,9.0
1671,fog,6.0
1672,fogs,7.0
1673,foil,4.0
1674,foils,5.0
1675,foist,4.0
1676,foists,5.0
1677,fold,5.0
1678,folds,6.0
1679,folk,4.0
1680,folks,5.0
1681,fond,4.0
1682,font,11.0
1683,fonts,12.0
1684,food,4.0
1685,foods,5.0
1686,fool,10.0
1687,fools,11.0
1688,foot,15.0
1689,fop,13.0
1690,fops,14.0
1691,for,8.0
1692,force,5.0
1693,ford,9.0
1694,fords,10.0
1695,fore,8.0
1696,forge,6.0
1697,fork,9.0
1698,forks,10.0
1699,form,8.0
1700,forms,9.0
1701,fort,5.0
1702,forth,11.0
1703,forts,6.0
1704,fought,5.0
1705,foul,8.0
1706,fouled,9.0
1707,fouls,9.0
1708,found,4.0
1709,fourth,11.0
1710,fowl,
1711,fowl,
1712,fox,24.0
1713,frail,7.0
1714,frame,13.0
1715,frames,14.0
1716,franc,6.0
1717,francs,7.0
1718,frank,6.0
1719,frappe,7.0
1720,frappes,8.0
1721,fraud,6.0
1722,frauds,7.0
1723,fray,4.0
1724,frayed,5.0
1725,frays,5.0
1726,freak,6.0
1727,freaks,7.0
1728,free,5.0
1729,freeze,6.0
1730,freight,4.0
1731,freights,5.0
1732,french,
1733,french,
1734,fresh,6.0
1735,fret,8.0
1736,frets,9.0
1737,fridge,7.0
1738,fried,6.0
1739,friend,8.0
1740,friends,9.0
1741,fries,6.0
1742,frieze,5.0
1743,fright,6.0
1744,frights,7.0
1745,frill,6.0
1746,frills,7.0
1747,fringe,6.0
1748,frisk,4.0
1749,frizz,7.0
1750,fro,8.0
1751,frock,27.0
1752,frocks,28.0
1753,frog,20.0
1754,frogs,21.0
1755,from,8.0
1756,frond,8.0
1757,front,6.0
1758,fronts,7.0
1759,frost,8.0
1760,frosts,9.0
1761,froth,7.0
1762,frothed,8.0
1763,froths,8.0
1764,frown,8.0
1765,frowned,9.0
1766,frowns,9.0
1767,froze,7.0
1768,fruit,8.0
1769,fruits,9.0
1770,frump,11.0
1771,frumps,12.0
1772,fry,5.0
1773,fuck,8.0
1774,fudge,7.0
1775,fuel,5.0
1776,fuels,6.0
1777,fugue,4.0
1778,full,6.0
1779,fume,7.0
1780,fumes,8.0
1781,fun,4.0
1782,fund,4.0
1783,funds,5.0
1784,funk,4.0
1785,funks,5.0
1786,fur,9.0
1787,furl,4.0
1788,furled,5.0
1789,furls,5.0
1790,furs,10.0
1791,fuse,6.0
1792,fuss,8.0
1793,fussed,9.0
1794,fuzz,8.0
1795,gab,8.0
1796,gabs,9.0
1797,gad,6.0
1798,gads,7.0
1799,gaff,9.0
1800,gaffe,4.0
1801,gaffes,5.0
1802,gaffs,10.0
1803,gag,9.0
1804,gags,10.0
1805,gain,4.0
1806,gained,5.0
1807,gains,5.0
1808,gait,6.0
1809,gaits,7.0
1810,gal,8.0
1811,gale,7.0
1812,gales,8.0
1813,gall,11.0
1814,gals,9.0
1815,game,4.0
1816,games,5.0
1817,gamp,8.0
1818,gang,5.0
1819,gangs,6.0
1820,gap,4.0
1821,gape,5.0
1822,gaped,6.0
1823,gapes,6.0
1824,gaps,5.0
1825,garb,7.0
1826,garbs,8.0
1827,gas,3.0
1828,gash,6.0
1829,gasp,6.0
1830,gasped,7.0
1831,gasps,7.0
1832,gat,20.0
1833,gate,12.0
1834,gates,13.0
1835,gauche,8.0
1836,gaud,4.0
1837,gauge,9.0
1838,gaunt,6.0
1839,gauze,5.0
1840,gave,4.0
1841,gawk,5.0
1842,gay,6.0
1843,gaze,4.0
1844,gazed,5.0
1845,gear,13.0
1846,gears,14.0
1847,gee,5.0
1848,gees,6.0
1849,geese,32.0
1850,gel,6.0
1851,gels,7.0
1852,gem,6.0
1853,gems,7.0
1854,gene,5.0
1855,genes,6.0
1856,gent,13.0
1857,gents,14.0
1858,germ,4.0
1859,germs,5.0
1860,get,2.0
1861,gets,3.0
1862,ghast,8.0
1863,ghasts,9.0
1864,ghost,8.0
1865,ghosts,9.0
1866,ghoul,8.0
1867,ghouls,9.0
1868,gibe,9.0
1869,gibes,10.0
1870,gift,5.0
1871,gifts,6.0
1872,gig,21.0
1873,gigs,22.0
1874,gild,4.0
1875,gilds,5.0
1876,gill,9.0
1877,gills,10.0
1878,gilt,6.0
1879,gin,8.0
1880,gins,9.0
1881,gird,2.0
1882,girds,3.0
1883,girl,12.0
1884,girls,13.0
1885,girth,6.0
1886,girths,7.0
1887,gist,6.0
1888,gists,7.0
1889,give,3.0
1890,gives,4.0
1891,glad,6.0
1892,glade,7.0
1893,glades,8.0
1894,glance,6.0
1895,glanced,7.0
1896,gland,8.0
1897,glands,9.0
1898,glare,6.0
1899,glass,7.0
1900,glaze,6.0
1901,gleam,8.0
1902,glean,5.0
1903,gleaned,6.0
1904,gleans,6.0
1905,glee,6.0
1906,glees,7.0
1907,glen,7.0
1908,glens,8.0
1909,glib,6.0
1910,glide,5.0
1911,glides,6.0
1912,glimpse,6.0
1913,glint,5.0
1914,glitch,4.0
1915,gloat,10.0
1916,gloats,11.0
1917,glob,5.0
1918,globe,15.0
1919,globes,16.0
1920,globs,6.0
1921,gloom,8.0
1922,glooms,9.0
1923,gloss,7.0
1924,glove,8.0
1925,gloves,9.0
1926,glow,4.0
1927,glue,5.0
1928,glued,6.0
1929,glues,6.0
1930,glut,5.0
1931,gluts,6.0
1932,gnarl,6.0
1933,gnash,7.0
1934,gnashed,8.0
1935,gnat,26.0
1936,gnats,27.0
1937,gnaw,9.0
1938,gnawed,10.0
1939,gnaws,10.0
1940,gnome,5.0
1941,gnomes,6.0
1942,gnu,32.0
1943,gnus,33.0
1944,go,6.0
1945,goad,6.0
1946,goads,7.0
1947,goal,3.0
1948,goals,4.0
1949,goat,33.0
1950,goats,34.0
1951,gob,13.0
1952,gobs,14.0
1953,god,4.0
1954,gods,5.0
1955,goes,4.0
1956,gold,7.0
1957,golds,8.0
1958,golf,5.0
1959,golfs,6.0
1960,gong,9.0
1961,gongs,10.0
1962,goo,5.0
1963,good,5.0
1964,goods,4.0
1965,goof,5.0
1966,goon,10.0
1967,goons,11.0
1968,goose,31.0
1969,gore,10.0
1970,gores,11.0
1971,gorge,8.0
1972,got,3.0
1973,gouge,8.0
1974,gouged,9.0
1975,gourd,12.0
1976,gourds,13.0
1977,gout,12.0
1978,gown,26.0
1979,gowns,27.0
1980,grab,6.0
1981,grabbed,7.0
1982,grabs,7.0
1983,grace,2.0
1984,grad,5.0
1985,grade,4.0
1986,grades,5.0
1987,grads,6.0
1988,graft,7.0
1989,grafts,8.0
1990,grail,9.0
1991,grails,10.0
1992,grain,6.0
1993,grains,7.0
1994,gram,7.0
1995,grams,8.0
1996,grand,5.0
1997,grange,10.0
1998,grant,5.0
1999,grants,6.0
2000,grape,9.0
2001,grapes,10.0
2002,graph,10.0
2003,graphs,11.0
2004,grasp,4.0
2005,grasped,5.0
2006,grasps,5.0
2007,grass,14.0
2008,grate,12.0
2009,grates,13.0
2010,grave,8.0
2011,graves,9.0
2012,gray,7.0
2013,graze,5.0
2014,grazed,6.0
2015,grease,8.0
2016,great,5.0
2017,greed,6.0
2018,greeds,7.0
2019,green,5.0
2020,greet,5.0
2021,greets,6.0
2022,grew,5.0
2023,grey,7.0
2024,grid,5.0
2025,grids,6.0
2026,grief,3.0
2027,griefs,4.0
2028,grieve,8.0
2029,grieved,9.0
2030,grieves,9.0
2031,grill,30.0
2032,grille,5.0
2033,grilles,6.0
2034,grills,31.0
2035,grim,7.0
2036,grime,5.0
2037,grimed,6.0
2038,grimes,6.0
2039,grin,7.0
2040,grind,5.0
2041,grinds,6.0
2042,grinned,8.0
2043,grins,8.0
2044,grip,4.0
2045,gripe,4.0
2046,gripes,5.0
2047,grips,5.0
2048,grist,7.0
2049,grit,7.0
2050,grits,8.0
2051,groan,5.0
2052,groaned,6.0
2053,groans,6.0
2054,grog,8.0
2055,groin,6.0
2056,groins,7.0
2057,groom,10.0
2058,grooms,11.0
2059,groove,8.0
2060,grooves,9.0
2061,grope,3.0
2062,groped,4.0
2063,gropes,4.0
2064,gross,9.0
2065,grouch,11.0
2066,ground,6.0
2067,group,2.0
2068,groups,3.0
2069,grouse,6.0
2070,grout,6.0
2071,grove,4.0
2072,groves,5.0
2073,grow,4.0
2074,growl,5.0
2075,growled,6.0
2076,growls,6.0
2077,grows,5.0
2078,growth,5.0
2079,growths,6.0
2080,grub,7.0
2081,grubs,8.0
2082,grudge,5.0
2083,gruff,8.0
2084,grunt,5.0
2085,grunts,6.0
2086,guard,10.0
2087,guards,11.0
2088,guess,4.0
2089,guessed,5.0
2090,guest,9.0
2091,guests,10.0
2092,guide,4.0
2093,guides,5.0
2094,guild,7.0
2095,guilds,8.0
2096,guile,6.0
2097,guiles,7.0
2098,guilt,3.0
2099,guilts,4.0
2100,guise,4.0
2101,gulch,10.0
2102,gulf,4.0
2103,gulfs,5.0
2104,gull,10.0
2105,gulp,8.0
2106,gulps,9.0
2107,gum,9.0
2108,gums,10.0
2109,gun,19.0
2110,gunk,4.0
2111,gunks,5.0
2112,guns,20.0
2113,gush,7.0
2114,gushed,8.0
2115,gust,7.0
2116,gusts,8.0
2117,gut,8.0
2118,guts,9.0
2119,guy,13.0
2120,guys,14.0
2121,gym,5.0
2122,gyms,6.0
2123,gyp,8.0
2124,hack,8.0
2125,hacked,9.0
2126,hacks,9.0
2127,hag,13.0
2128,hags,14.0
2129,hail,6.0
2130,hailed,7.0
2131,hails,7.0
2132,hair,9.0
2133,hairs,10.0
2134,hake,7.0
2135,hakes,8.0
2136,hall,10.0
2137,halls,11.0
2138,halt,4.0
2139,halts,5.0
2140,halve,7.0
2141,halved,8.0
2142,halves,8.0
2143,ham,8.0
2144,hams,9.0
2145,hand,15.0
2146,hands,16.0
2147,hang,8.0
2148,hangs,9.0
2149,hank,10.0
2150,hanks,11.0
2151,hard,6.0
2152,hare,21.0
2153,hares,22.0
2154,hark,4.0
2155,harked,5.0
2156,harks,5.0
2157,harm,5.0
2158,harms,6.0
2159,harp,14.0
2160,harps,15.0
2161,harsh,7.0
2162,hart,37.0
2163,harts,38.0
2164,hash,11.0
2165,hasp,8.0
2166,hasps,9.0
2167,haste,5.0
2168,hastes,6.0
2169,hat,11.0
2170,hatch,5.0
2171,hate,5.0
2172,hates,6.0
2173,hats,12.0
2174,haul,5.0
2175,haunch,5.0
2176,haunt,4.0
2177,haunts,5.0
2178,have,3.0
2179,haw,15.0
2180,hawk,30.0
2181,hawks,31.0
2182,hay,6.0
2183,hays,7.0
2184,haze,5.0
2185,he,9.0
2186,head,8.0
2187,heads,9.0
2188,heal,6.0
2189,healed,7.0
2190,heals,7.0
2191,health,4.0
2192,healths,5.0
2193,heap,3.0
2194,heaps,4.0
2195,hear,4.0
2196,heard,5.0
2197,hears,5.0
2198,hearse,57.0
2199,heart,7.0
2200,hearth,6.0
2201,hearths,7.0
2202,hearts,8.0
2203,heat,5.0
2204,heath,15.0
2205,heaths,16.0
2206,heats,6.0
2207,heave,5.0
2208,heaves,6.0
2209,hedge,11.0
2210,heed,4.0
2211,heeds,5.0
2212,heel,12.0
2213,heels,13.0
2214,heft,4.0
2215,height,7.0
2216,heights,8.0
2217,heir,8.0
2218,heirs,9.0
2219,held,6.0
2220,hell,3.0
2221,helm,7.0
2222,helms,8.0
2223,help,4.0
2224,helped,5.0
2225,helps,5.0
2226,hem,6.0
2227,hemp,8.0
2228,hemps,9.0
2229,hems,7.0
2230,hen,36.0
2231,hence,9.0
2232,hens,37.0
2233,her,9.0
2234,herb,13.0
2235,herbs,14.0
2236,herd,2.0
2237,herds,3.0
2238,here,11.0
2239,hers,9.0
2240,hex,7.0
2241,hey,7.0
2242,hick,11.0
2243,hicks,12.0
2244,hid,4.0
2245,hide,3.0
2246,hides,4.0
2247,high,7.0
2248,hike,7.0
2249,hikes,8.0
2250,hill,8.0
2251,hills,9.0
2252,hilt,7.0
2253,hilts,8.0
2254,him,8.0
2255,hind,7.0
2256,hinge,8.0
2257,hint,6.0
2258,hints,7.0
2259,hip,5.0
2260,hips,6.0
2261,hire,4.0
2262,hired,5.0
2263,hires,5.0
2264,hiss,5.0
2265,hissed,6.0
2266,hit,
2267,hit,
2268,hitch,6.0
2269,hitched,7.0
2270,hits,8.0
2271,hive,5.0
2272,hives,6.0
2273,hoard,4.0
2274,hoarse,7.0
2275,hoax,8.0
2276,hob,4.0
2277,hobs,5.0
2278,hock,5.0
2279,hocked,6.0
2280,hocks,6.0
2281,hoe,7.0
2282,hoes,8.0
2283,hog,11.0
2284,hogs,12.0
2285,hoist,5.0
2286,hoists,6.0
2287,hold,5.0
2288,holds,6.0
2289,hole,7.0
2290,holes,8.0
2291,home,6.0
2292,homes,7.0
2293,hone,5.0
2294,honk,7.0
2295,hooch,7.0
2296,hood,13.0
2297,hoods,14.0
2298,hoof,11.0
2299,hook,6.0
2300,hooked,7.0
2301,hooks,7.0
2302,hoop,8.0
2303,hoops,9.0
2304,hoot,10.0
2305,hoots,11.0
2306,hooves,12.0
2307,hop,6.0
2308,hope,6.0
2309,hoped,7.0
2310,hopes,7.0
2311,hopped,7.0
2312,hops,
2313,hops,
2314,hops,
2315,horde,5.0
2316,hordes,6.0
2317,horn,8.0
2318,horns,9.0
2319,horse,34.0
2320,hose,10.0
2321,host,10.0
2322,hosts,11.0
2323,hot,5.0
2324,hound,26.0
2325,hounds,27.0
2326,hour,4.0
2327,hours,5.0
2328,house,22.0
2329,how,7.0
2330,howl,8.0
2331,howls,9.0
2332,hub,3.0
2333,hubs,4.0
2334,huck,8.0
2335,hucks,9.0
2336,hue,5.0
2337,hues,6.0
2338,huff,8.0
2339,hug,6.0
2340,huge,8.0
2341,hugged,7.0
2342,hugs,7.0
2343,huh,8.0
2344,hulk,10.0
2345,hulks,11.0
2346,hull,7.0
2347,hulls,8.0
2348,hum,7.0
2349,hummed,8.0
2350,hump,4.0
2351,humped,5.0
2352,humps,5.0
2353,hums,8.0
2354,hunch,6.0
2355,hung,9.0
2356,hunk,13.0
2357,hunks,14.0
2358,hunt,6.0
2359,hunts,7.0
2360,hurl,8.0
2361,hurled,9.0
2362,hurls,9.0
2363,hurt,
2364,hurt,
2365,hurts,7.0
2366,hush,5.0
2367,husk,6.0
2368,husks,7.0
2369,hut,9.0
2370,hutch,6.0
2371,huts,10.0
2372,hymn,7.0
2373,hymns,8.0
2374,ice,6.0
2375,id,8.0
2376,ides,5.0
2377,ids,9.0
2378,if,6.0
2379,ilk,8.0
2380,ilks,9.0
2381,ill,8.0
2382,imp,6.0
2383,imps,7.0
2384,in,9.0
2385,inch,5.0
2386,ink,5.0
2387,inks,6.0
2388,inn,32.0
2389,inns,33.0
2390,ire,5.0
2391,ires,6.0
2392,irk,6.0
2393,isle,6.0
2394,isles,7.0
2395,it,8.0
2396,itch,6.0
2397,its,9.0
2398,jab,8.0
2399,jabbed,9.0
2400,jabs,9.0
2401,jack,9.0
2402,jacks,10.0
2403,jade,7.0
2404,jag,4.0
2405,jags,5.0
2406,jail,9.0
2407,jails,10.0
2408,jam,5.0
2409,jamb,9.0
2410,jambs,10.0
2411,jammed,6.0
2412,jams,6.0
2413,jar,12.0
2414,jars,13.0
2415,jaunt,8.0
2416,jaunts,9.0
2417,jaw,11.0
2418,jaws,12.0
2419,jay,31.0
2420,jays,32.0
2421,jazz,7.0
2422,jean,9.0
2423,jeans,10.0
2424,jeep,57.0
2425,jeeps,58.0
2426,jeer,8.0
2427,jeered,9.0
2428,jeers,9.0
2429,jerk,7.0
2430,jerked,8.0
2431,jerks,8.0
2432,jest,5.0
2433,jests,6.0
2434,jet,28.0
2435,jets,29.0
2436,jew,9.0
2437,jews,10.0
2438,jib,8.0
2439,jibe,9.0
2440,jibes,10.0
2441,jibs,9.0
2442,jig,7.0
2443,jigs,8.0
2444,jilt,3.0
2445,jilts,4.0
2446,jinx,8.0
2447,jive,4.0
2448,jived,5.0
2449,jives,5.0
2450,job,4.0
2451,jobs,5.0
2452,jock,9.0
2453,jocks,10.0
2454,jog,5.0
2455,jogged,6.0
2456,jogs,6.0
2457,join,6.0
2458,joined,7.0
2459,joins,7.0
2460,joint,7.0
2461,joints,8.0
2462,joist,8.0
2463,joke,9.0
2464,jokes,10.0
2465,jolt,5.0
2466,jolts,6.0
2467,jot,5.0
2468,jots,6.0
2469,joust,3.0
2470,jousts,4.0
2471,jowl,17.0
2472,jowls,18.0
2473,joy,4.0
2474,joys,5.0
2475,judge,12.0
2476,jug,12.0
2477,jugs,13.0
2478,juice,7.0
2479,jump,6.0
2480,jumped,7.0
2481,jumps,7.0
2482,june,6.0
2483,junes,7.0
2484,junk,7.0
2485,junks,8.0
2486,just,5.0
2487,kale,6.0
2488,kales,7.0
2489,keel,6.0
2490,keels,7.0
2491,keen,6.0
2492,keep,2.0
2493,keeps,3.0
2494,keg,6.0
2495,kegs,7.0
2496,kelp,7.0
2497,kelps,8.0
2498,ken,6.0
2499,kept,3.0
2500,key,7.0
2501,keys,8.0
2502,kick,6.0
2503,kicked,7.0
2504,kicks,7.0
2505,kid,12.0
2506,kids,13.0
2507,kike,8.0
2508,kill,5.0
2509,killed,6.0
2510,kills,6.0
2511,kiln,11.0
2512,kilns,12.0
2513,kilt,24.0
2514,kilts,25.0
2515,kind,8.0
2516,kinds,9.0
2517,king,9.0
2518,kings,10.0
2519,kink,6.0
2520,kinks,7.0
2521,kiss,4.0
2522,kissed,5.0
2523,kit,6.0
2524,kite,5.0
2525,kites,6.0
2526,kits,7.0
2527,knack,7.0
2528,knacks,8.0
2529,knap,7.0
2530,knave,11.0
2531,knaves,12.0
2532,knead,5.0
2533,kneads,6.0
2534,knee,9.0
2535,kneel,5.0
2536,kneels,6.0
2537,knees,10.0
2538,knell,4.0
2539,knells,5.0
2540,knelt,6.0
2541,knew,4.0
2542,knife,15.0
2543,knight,10.0
2544,knights,11.0
2545,knit,
2546,knit,
2547,knits,5.0
2548,knives,16.0
2549,knob,9.0
2550,knobs,10.0
2551,knock,6.0
2552,knocked,7.0
2553,knocks,7.0
2554,knoll,9.0
2555,knolls,10.0
2556,knot,5.0
2557,knots,6.0
2558,know,3.0
2559,knows,4.0
2560,kraut,9.0
2561,krauts,10.0
2562,lab,6.0
2563,labs,7.0
2564,lace,7.0
2565,lack,4.0
2566,lacks,5.0
2567,lad,10.0
2568,lade,3.0
2569,lads,11.0
2570,lag,3.0
2571,lagged,4.0
2572,lags,4.0
2573,laid,7.0
2574,lair,10.0
2575,lairs,11.0
2576,lake,6.0
2577,lakes,7.0
2578,lam,4.0
2579,lamb,11.0
2580,lambs,12.0
2581,lame,7.0
2582,lamp,6.0
2583,lamps,7.0
2584,lams,5.0
2585,lance,10.0
2586,land,4.0
2587,lands,5.0
2588,lane,5.0
2589,lanes,6.0
2590,lap,21.0
2591,laps,22.0
2592,lapse,4.0
2593,larch,7.0
2594,lard,7.0
2595,lards,8.0
2596,large,7.0
2597,lark,31.0
2598,larks,32.0
2599,lash,6.0
2600,lashed,7.0
2601,lass,14.0
2602,last,9.0
2603,latch,8.0
2604,late,7.0
2605,lathe,7.0
2606,lathes,8.0
2607,laud,6.0
2608,laugh,5.0
2609,laughed,6.0
2610,laughs,6.0
2611,launch,4.0
2612,launched,5.0
2613,lave,8.0
2614,law,2.0
2615,lawn,7.0
2616,lawns,8.0
2617,laws,3.0
2618,lax,8.0
2619,lay,6.0
2620,lays,7.0
2621,laze,4.0
2622,leach,3.0
2623,lead,4.0
2624,leads,5.0
2625,leaf,8.0
2626,leak,8.0
2627,leaks,9.0
2628,lean,7.0
2629,leaned,8.0
2630,leans,8.0
2631,leap,6.0
2632,leaps,7.0
2633,learn,3.0
2634,learned,4.0
2635,learns,4.0
2636,lease,2.0
2637,leash,6.0
2638,leave,5.0
2639,leaves,
2640,leaves,
2641,led,5.0
2642,ledge,8.0
2643,lee,12.0
2644,leech,12.0
2645,leek,14.0
2646,leeks,15.0
2647,leer,4.0
2648,leered,5.0
2649,leers,5.0
2650,lees,13.0
2651,left,
2652,left,
2653,leg,11.0
2654,legs,12.0
2655,lei,11.0
2656,leis,12.0
2657,lend,3.0
2658,lends,4.0
2659,length,7.0
2660,lengths,8.0
2661,lens,6.0
2662,lent,4.0
2663,lept,7.0
2664,less,9.0
2665,lest,8.0
2666,let,
2667,let,
2668,lets,7.0
2669,lewd,6.0
2670,lice,25.0
2671,lick,5.0
2672,licked,6.0
2673,licks,6.0
2674,lid,8.0
2675,lids,9.0
2676,lie,5.0
2677,lied,6.0
2678,liege,9.0
2679,lien,5.0
2680,liens,6.0
2681,lies,6.0
2682,life,3.0
2683,lift,5.0
2684,lifts,6.0
2685,light,8.0
2686,lights,9.0
2687,lilt,3.0
2688,lilts,4.0
2689,limb,8.0
2690,limbs,9.0
2691,lime,5.0
2692,limes,6.0
2693,limn,5.0
2694,limp,8.0
2695,line,5.0
2696,lines,6.0
2697,link,4.0
2698,linked,5.0
2699,links,5.0
2700,lint,6.0
2701,lints,7.0
2702,lip,7.0
2703,lips,8.0
2704,lisp,4.0
2705,lisped,5.0
2706,lisps,5.0
2707,list,7.0
2708,lists,8.0
2709,live,3.0
2710,lived,4.0
2711,lives,
2712,lives,
2713,load,5.0
2714,loads,6.0
2715,loaf,9.0
2716,loan,3.0
2717,loans,4.0
2718,loath,7.0
2719,loathe,6.0
2720,loathed,7.0
2721,loathes,7.0
2722,loaves,10.0
2723,lob,7.0
2724,lobbed,8.0
2725,lobe,5.0
2726,lobes,6.0
2727,lobs,8.0
2728,lock,6.0
2729,locked,7.0
2730,locks,7.0
2731,lode,4.0
2732,lodes,5.0
2733,lodge,5.0
2734,loft,8.0
2735,lofts,9.0
2736,log,8.0
2737,logs,9.0
2738,loin,9.0
2739,loins,10.0
2740,loll,3.0
2741,lolled,4.0
2742,lolls,4.0
2743,lone,6.0
2744,long,8.0
2745,loo,15.0
2746,look,4.0
2747,looked,5.0
2748,looks,5.0
2749,loom,5.0
2750,loomed,6.0
2751,looms,6.0
2752,loon,10.0
2753,loons,11.0
2754,loop,7.0
2755,loops,8.0
2756,loose,8.0
2757,loot,5.0
2758,loots,6.0
2759,lop,7.0
2760,lope,5.0
2761,lopes,6.0
2762,lopped,8.0
2763,lops,8.0
2764,lord,5.0
2765,lords,6.0
2766,lore,4.0
2767,lose,4.0
2768,loss,4.0
2769,lost,5.0
2770,lot,6.0
2771,lots,7.0
2772,loud,5.0
2773,lounge,11.0
2774,louse,24.0
2775,lout,10.0
2776,louts,11.0
2777,love,4.0
2778,loves,5.0
2779,low,8.0
2780,lox,6.0
2781,luck,3.0
2782,lucks,4.0
2783,lug,6.0
2784,lugged,7.0
2785,lugs,7.0
2786,lull,3.0
2787,lulls,4.0
2788,lump,5.0
2789,lumps,6.0
2790,lunch,12.0
2791,lung,8.0
2792,lunge,5.0
2793,lunged,6.0
2794,lungs,9.0
2795,lurch,5.0
2796,lurched,6.0
2797,lure,11.0
2798,lured,12.0
2799,lures,12.0
2800,lurk,3.0
2801,lurked,4.0
2802,lurks,4.0
2803,lush,5.0
2804,lust,4.0
2805,lusts,5.0
2806,lute,5.0
2807,lutes,6.0
2808,lye,6.0
2809,lymph,6.0
2810,lymphs,7.0
2811,lynch,8.0
2812,lynx,25.0
2813,lyre,15.0
2814,lyres,16.0
2815,ma,15.0
2816,mace,10.0
2817,mack,31.0
2818,mad,8.0
2819,made,6.0
2820,mag,7.0
2821,maid,9.0
2822,maids,10.0
2823,mail,6.0
2824,mails,7.0
2825,maim,9.0
2826,maimed,10.0
2827,maims,10.0
2828,maize,20.0
2829,make,5.0
2830,makes,6.0
2831,male,8.0
2832,males,9.0
2833,mall,8.0
2834,malt,8.0
2835,malts,9.0
2836,man,12.0
2837,mane,10.0
2838,manes,11.0
2839,mange,11.0
2840,map,6.0
2841,maps,7.0
2842,march,5.0
2843,marched,6.0
2844,mare,36.0
2845,mares,37.0
2846,mark,6.0
2847,marked,7.0
2848,marks,7.0
2849,marsh,5.0
2850,mart,11.0
2851,marts,12.0
2852,mash,7.0
2853,mashed,8.0
2854,mask,4.0
2855,masks,5.0
2856,masque,6.0
2857,mass,5.0
2858,mast,9.0
2859,masts,10.0
2860,mat,6.0
2861,match,4.0
2862,matched,5.0
2863,mate,11.0
2864,mates,12.0
2865,math,9.0
2866,mats,7.0
2867,mauve,6.0
2868,maw,14.0
2869,maws,15.0
2870,max,9.0
2871,may,3.0
2872,maze,8.0
2873,me,8.0
2874,mead,8.0
2875,meads,9.0
2876,meal,12.0
2877,meals,13.0
2878,mean,6.0
2879,means,7.0
2880,meant,7.0
2881,meat,7.0
2882,meats,8.0
2883,meed,7.0
2884,meeds,8.0
2885,meek,7.0
2886,meet,3.0
2887,meld,6.0
2888,melds,7.0
2889,melt,5.0
2890,melts,6.0
2891,men,13.0
2892,mend,7.0
2893,mends,8.0
2894,mere,6.0
2895,merge,6.0
2896,merged,7.0
2897,mesh,5.0
2898,mess,3.0
2899,mew,9.0
2900,mewed,10.0
2901,mews,10.0
2902,mice,23.0
2903,mick,9.0
2904,mid,5.0
2905,midge,26.0
2906,midst,4.0
2907,midsts,5.0
2908,mien,5.0
2909,miens,6.0
2910,mike,7.0
2911,mikes,8.0
2912,mild,4.0
2913,mile,5.0
2914,miles,6.0
2915,milk,6.0
2916,milks,7.0
2917,mill,10.0
2918,mills,11.0
2919,mime,4.0
2920,mince,4.0
2921,minced,5.0
2922,mind,2.0
2923,minds,3.0
2924,mine,5.0
2925,mines,6.0
2926,mink,9.0
2927,minks,10.0
2928,mint,6.0
2929,mints,7.0
2930,minx,12.0
2931,mire,8.0
2932,mirth,6.0
2933,mirths,7.0
2934,miss,4.0
2935,missed,5.0
2936,mist,7.0
2937,mists,8.0
2938,mite,5.0
2939,mites,6.0
2940,mitt,16.0
2941,mitts,17.0
2942,mix,5.0
2943,mixed,6.0
2944,moan,5.0
2945,moaned,6.0
2946,moans,6.0
2947,moat,7.0
2948,moats,8.0
2949,mob,5.0
2950,mobs,6.0
2951,mock,5.0
2952,mocked,6.0
2953,mocks,6.0
2954,mod,10.0
2955,mode,5.0
2956,modes,6.0
2957,moist,6.0
2958,mold,4.0
2959,molds,5.0
2960,mole,7.0
2961,moles,8.0
2962,moll,11.0
2963,molls,12.0
2964,mom,14.0
2965,moms,15.0
2966,monk,10.0
2967,monks,11.0
2968,month,6.0
2969,months,7.0
2970,moo,10.0
2971,mooch,5.0
2972,mood,3.0
2973,moods,4.0
2974,mooed,11.0
2975,moon,4.0
2976,moons,5.0
2977,moor,6.0
2978,moos,11.0
2979,moose,
2980,moose,
2981,moot,6.0
2982,mop,4.0
2983,mope,7.0
2984,mopped,5.0
2985,mops,5.0
2986,more,9.0
2987,morn,4.0
2988,morns,5.0
2989,mosque,30.0
2990,mosques,31.0
2991,moss,5.0
2992,most,9.0
2993,mote,5.0
2994,motes,6.0
2995,moth,24.0
2996,moths,25.0
2997,mound,8.0
2998,mounds,9.0
2999,mount,5.0
3000,mounts,6.0
3001,mourn,7.0
3002,mourned,8.0
3003,mourns,8.0
3004,mouse,22.0
3005,mouth,13.0
3006,mouths,14.0
3007,move,4.0
3008,moved,5.0
3009,moves,5.0
3010,mow,6.0
3011,mowed,7.0
3012,mows,7.0
3013,much,9.0
3014,muck,3.0
3015,mucked,4.0
3016,mucks,4.0
3017,mud,8.0
3018,muds,9.0
3019,muff,7.0
3020,muffs,8.0
3021,mug,5.0
3022,mugs,6.0
3023,mulch,6.0
3024,mule,27.0
3025,mules,28.0
3026,mull,4.0
3027,mum,12.0
3028,mumps,10.0
3029,mums,13.0
3030,munch,5.0
3031,munched,6.0
3032,murk,8.0
3033,murks,9.0
3034,muse,6.0
3035,mush,6.0
3036,musk,6.0
3037,musks,7.0
3038,muss,7.0
3039,must,4.0
3040,mute,6.0
3041,mutt,27.0
3042,mutts,28.0
3043,my,8.0
3044,myrrh,8.0
3045,myrrhs,9.0
3046,myth,9.0
3047,myths,10.0
3048,nab,5.0
3049,nabbed,6.0
3050,nabs,6.0
3051,nag,3.0
3052,nagged,4.0
3053,nags,4.0
3054,nail,8.0
3055,nails,9.0
3056,name,5.0
3057,names,6.0
3058,nap,4.0
3059,nape,11.0
3060,napes,12.0
3061,naps,5.0
3062,narc,10.0
3063,nard,6.0
3064,nards,7.0
3065,naw,11.0
3066,nay,11.0
3067,near,10.0
3068,neat,5.0
3069,neck,7.0
3070,necks,8.0
3071,need,4.0
3072,needs,5.0
3073,neigh,5.0
3074,neighs,6.0
3075,nerve,7.0
3076,nerves,8.0
3077,nest,4.0
3078,nests,5.0
3079,net,7.0
3080,nets,8.0
3081,new,5.0
3082,news,7.0
3083,newt,21.0
3084,newts,22.0
3085,next,9.0
3086,nib,12.0
3087,nibs,13.0
3088,nice,5.0
3089,niche,3.0
3090,nick,7.0
3091,nicked,8.0
3092,nicks,8.0
3093,niece,10.0
3094,nigh,10.0
3095,night,4.0
3096,nights,5.0
3097,nil,5.0
3098,nip,5.0
3099,nips,6.0
3100,nit,6.0
3101,nits,7.0
3102,nix,5.0
3103,no,11.0
3104,nod,6.0
3105,node,4.0
3106,nodes,5.0
3107,nods,7.0
3108,nog,13.0
3109,noise,5.0
3110,nonce,4.0
3111,none,11.0
3112,nook,6.0
3113,nooks,7.0
3114,noon,8.0
3115,noons,9.0
3116,noose,8.0
3117,nor,8.0
3118,norm,9.0
3119,norms,10.0
3120,north,8.0
3121,nose,16.0
3122,not,8.0
3123,notch,6.0
3124,note,4.0
3125,notes,5.0
3126,nought,6.0
3127,noun,8.0
3128,nouns,9.0
3129,now,9.0
3130,nub,8.0
3131,nubs,9.0
3132,nude,7.0
3133,nudge,7.0
3134,nudged,8.0
3135,,
3136,numb,6.0
3137,nun,10.0
3138,nuns,11.0
3139,nurse,11.0
3140,nut,10.0
3141,nuts,
3142,nuts,
3143,nymph,5.0
3144,nymphs,6.0
3145,oaf,10.0
3146,oafs,11.0
3147,oak,7.0
3148,oaks,8.0
3149,oar,7.0
3150,oars,8.0
3151,oat,16.0
3152,oath,8.0
3153,oaths,9.0
3154,oats,17.0
3155,odd,5.0
3156,ode,10.0
3157,odes,11.0
3158,of,7.0
3159,off,8.0
3160,oft,7.0
3161,ohm,6.0
3162,ohms,7.0
3163,oil,8.0
3164,oils,9.0
3165,old,6.0
3166,ole,7.0
3167,on,8.0
3168,once,12.0
3169,oops,6.0
3170,ooze,6.0
3171,or,7.0
3172,orange,9.0
3173,orb,6.0
3174,orbs,7.0
3175,ore,6.0
3176,ores,7.0
3177,ouch,7.0
3178,ought,5.0
3179,ounce,6.0
3180,our,7.0
3181,oust,4.0
3182,ousts,5.0
3183,out,9.0
3184,owe,6.0
3185,owed,7.0
3186,owes,7.0
3187,owl,30.0
3188,owls,31.0
3189,own,3.0
3190,owned,4.0
3191,owns,4.0
3192,ox,35.0
3193,pa,15.0
3194,pace,5.0
3195,pack,7.0
3196,packed,8.0
3197,packs,8.0
3198,pact,7.0
3199,pacts,8.0
3200,pad,6.0
3201,pads,7.0
3202,page,7.0
3203,paid,6.0
3204,pail,9.0
3205,pails,10.0
3206,pain,6.0
3207,pains,7.0
3208,paint,3.0
3209,paints,4.0
3210,pair,4.0
3211,pairs,5.0
3212,pal,9.0
3213,pale,5.0
3214,pall,8.0
3215,palls,9.0
3216,palm,6.0
3217,palms,7.0
3218,pals,10.0
3219,pan,8.0
3220,pane,5.0
3221,panes,6.0
3222,pang,5.0
3223,pangs,6.0
3224,pans,9.0
3225,pant,10.0
3226,pants,
3227,pants,
3228,pants,
3229,pap,6.0
3230,par,6.0
3231,parch,5.0
3232,parched,6.0
3233,pare,5.0
3234,pared,6.0
3235,pares,6.0
3236,park,7.0
3237,parks,8.0
3238,pars,7.0
3239,parse,4.0
3240,part,3.0
3241,parts,4.0
3242,pass,5.0
3243,passed,6.0
3244,past,3.0
3245,paste,5.0
3246,pastes,6.0
3247,pasts,4.0
3248,pat,5.0
3249,patch,8.0
3250,path,4.0
3251,paths,5.0
3252,pats,6.0
3253,paunch,7.0
3254,pause,5.0
3255,paused,6.0
3256,pave,5.0
3257,paved,6.0
3258,paves,6.0
3259,paw,10.0
3260,pawn,7.0
3261,pawns,8.0
3262,paws,11.0
3263,pay,5.0
3264,pays,6.0
3265,pea,8.0
3266,peace,3.0
3267,peach,21.0
3268,peak,4.0
3269,peaks,5.0
3270,peal,4.0
3271,peals,5.0
3272,pear,9.0
3273,pearl,8.0
3274,pearls,9.0
3275,pears,10.0
3276,peas,9.0
3277,peat,5.0
3278,peats,6.0
3279,peck,6.0
3280,pecked,7.0
3281,pecks,7.0
3282,pee,5.0
3283,peed,6.0
3284,peek,3.0
3285,peeked,4.0
3286,peeks,4.0
3287,peel,6.0
3288,peeled,7.0
3289,peels,7.0
3290,peep,5.0
3291,peeps,6.0
3292,peer,4.0
3293,peered,5.0
3294,peers,5.0
3295,pees,6.0
3296,peeve,5.0
3297,peg,13.0
3298,pegs,14.0
3299,pelt,9.0
3300,pelts,10.0
3301,pen,8.0
3302,pens,9.0
3303,perch,4.0
3304,perched,5.0
3305,perk,8.0
3306,perks,9.0
3307,pert,6.0
3308,pest,10.0
3309,pests,11.0
3310,pet,8.0
3311,pets,9.0
3312,pew,11.0
3313,pews,12.0
3314,phage,7.0
3315,phase,5.0
3316,phlegm,3.0
3317,phone,7.0
3318,phones,8.0
3319,phrase,10.0
3320,pi,4.0
3321,pick,5.0
3322,picked,6.0
3323,picks,6.0
3324,pie,8.0
3325,piece,5.0
3326,pier,9.0
3327,pierce,7.0
3328,pierced,8.0
3329,piers,10.0
3330,pies,9.0
3331,pig,28.0
3332,pigs,29.0
3333,pike,14.0
3334,pikes,15.0
3335,pile,6.0
3336,piled,7.0
3337,piles,7.0
3338,pill,4.0
3339,pills,5.0
3340,pimp,12.0
3341,pimps,13.0
3342,pin,9.0
3343,pinch,5.0
3344,pinched,6.0
3345,pine,19.0
3346,pines,20.0
3347,ping,6.0
3348,pinged,7.0
3349,pings,7.0
3350,pink,6.0
3351,pins,10.0
3352,pint,8.0
3353,pints,9.0
3354,pipe,10.0
3355,pipes,11.0
3356,pis,5.0
3357,piss,6.0
3358,pit,6.0
3359,pitch,6.0
3360,pith,6.0
3361,piths,7.0
3362,pits,7.0
3363,place,6.0
3364,plague,6.0
3365,plagued,7.0
3366,plagues,7.0
3367,plaid,8.0
3368,plaids,9.0
3369,plain,7.0
3370,plaint,11.0
3371,plan,5.0
3372,plane,29.0
3373,planes,30.0
3374,plank,7.0
3375,planks,8.0
3376,plans,6.0
3377,plant,10.0
3378,plants,11.0
3379,plaque,8.0
3380,plaques,9.0
3381,plate,7.0
3382,plates,8.0
3383,play,5.0
3384,played,6.0
3385,plays,6.0
3386,plea,3.0
3387,pleach,7.0
3388,plead,10.0
3389,pleads,11.0
3390,pleas,4.0
3391,please,4.0
3392,pleased,5.0
3393,pleat,6.0
3394,pleats,7.0
3395,pled,11.0
3396,pledge,6.0
3397,plied,6.0
3398,plies,6.0
3399,plight,3.0
3400,plights,4.0
3401,plod,6.0
3402,plop,6.0
3403,plopped,7.0
3404,plops,7.0
3405,plot,9.0
3406,plots,10.0
3407,plough,4.0
3408,plow,5.0
3409,plowed,6.0
3410,plows,6.0
3411,ploy,7.0
3412,pluck,6.0
3413,plucked,7.0
3414,plucks,7.0
3415,plug,11.0
3416,plugs,12.0
3417,plum,23.0
3418,plume,6.0
3419,plumes,7.0
3420,plump,6.0
3421,plums,24.0
3422,plunge,7.0
3423,plunged,8.0
3424,plunk,8.0
3425,plunked,9.0
3426,plunks,9.0
3427,plus,7.0
3428,plush,8.0
3429,ply,5.0
3430,poach,7.0
3431,poached,8.0
3432,pock,6.0
3433,pod,8.0
3434,pods,9.0
3435,point,8.0
3436,points,9.0
3437,poise,5.0
3438,poke,8.0
3439,poked,9.0
3440,pokes,9.0
3441,pole,7.0
3442,poles,8.0
3443,poll,3.0
3444,polled,4.0
3445,polls,4.0
3446,pomp,6.0
3447,pomps,7.0
3448,pond,6.0
3449,ponds,7.0
3450,pooch,5.0
3451,poof,11.0
3452,pool,5.0
3453,pools,6.0
3454,poop,9.0
3455,poops,10.0
3456,poor,5.0
3457,pop,8.0
3458,pope,10.0
3459,popes,11.0
3460,popped,9.0
3461,pops,9.0
3462,porch,9.0
3463,pore,6.0
3464,pores,7.0
3465,pork,7.0
3466,porks,8.0
3467,porn,6.0
3468,port,5.0
3469,ports,6.0
3470,pose,3.0
3471,posed,4.0
3472,posh,7.0
3473,post,5.0
3474,posts,6.0
3475,pot,7.0
3476,pots,8.0
3477,pouch,7.0
3478,pounce,7.0
3479,pound,6.0
3480,pounds,7.0
3481,pour,4.0
3482,poured,5.0
3483,pours,5.0
3484,pout,9.0
3485,pouts,10.0
3486,pox,12.0
3487,praise,5.0
3488,praised,6.0
3489,prance,5.0
3490,pranced,6.0
3491,prank,4.0
3492,pranks,5.0
3493,prawn,7.0
3494,pray,5.0
3495,prayed,6.0
3496,prayer,3.0
3497,prayers,4.0
3498,prays,6.0
3499,preach,7.0
3500,preached,8.0
3501,preen,6.0
3502,preened,7.0
3503,preens,7.0
3504,prep,6.0
3505,preps,7.0
3506,press,4.0
3507,prey,9.0
3508,preys,10.0
3509,price,7.0
3510,prick,7.0
3511,pricked,8.0
3512,pricks,8.0
3513,pride,3.0
3514,prides,4.0
3515,pried,5.0
3516,pries,5.0
3517,priest,10.0
3518,priests,11.0
3519,prim,5.0
3520,prime,5.0
3521,primp,5.0
3522,primped,6.0
3523,primps,6.0
3524,prince,9.0
3525,print,4.0
3526,prints,5.0
3527,prize,5.0
3528,pro,10.0
3529,probe,3.0
3530,probed,4.0
3531,probes,4.0
3532,prod,6.0
3533,prods,7.0
3534,prom,7.0
3535,prompt,5.0
3536,prone,6.0
3537,prong,10.0
3538,proof,5.0
3539,proofs,6.0
3540,prop,10.0
3541,props,11.0
3542,pros,11.0
3543,prose,7.0
3544,proud,6.0
3545,prove,4.0
3546,proved,5.0
3547,proves,5.0
3548,prow,8.0
3549,prowl,7.0
3550,prowled,8.0
3551,prowls,8.0
3552,prows,9.0
3553,prude,10.0
3554,prune,9.0
3555,prunes,10.0
3556,pry,4.0
3557,psalm,9.0
3558,psalms,10.0
3559,pseud,9.0
3560,pub,29.0
3561,pubs,30.0
3562,puck,5.0
3563,pucks,6.0
3564,pud,9.0
3565,puff,6.0
3566,puffed,7.0
3567,puffs,7.0
3568,pug,26.0
3569,pugs,27.0
3570,puke,10.0
3571,pukes,11.0
3572,pull,5.0
3573,pulled,6.0
3574,pulls,6.0
3575,pulp,6.0
3576,pulps,7.0
3577,pulse,4.0
3578,pump,8.0
3579,pumps,9.0
3580,pun,7.0
3581,punch,7.0
3582,punk,12.0
3583,punks,13.0
3584,puns,8.0
3585,punt,7.0
3586,punts,8.0
3587,pup,11.0
3588,pups,12.0
3589,pure,5.0
3590,purge,6.0
3591,purged,7.0
3592,purr,6.0
3593,purse,7.0
3594,push,5.0
3595,pushed,6.0
3596,puss,8.0
3597,put,
3598,put,
3599,puts,6.0
3600,putt,7.0
3601,putts,8.0
3602,pyre,4.0
3603,pyres,5.0
3604,quack,15.0
3605,quacks,16.0
3606,quad,10.0
3607,quaff,5.0
3608,quail,16.0
3609,quails,17.0
3610,quaint,5.0
3611,quake,4.0
3612,quakes,5.0
3613,qualm,5.0
3614,qualms,6.0
3615,quark,4.0
3616,quart,8.0
3617,quarts,9.0
3618,quartz,5.0
3619,quash,3.0
3620,quashed,4.0
3621,quay,13.0
3622,quays,14.0
3623,queen,23.0
3624,queens,24.0
3625,queer,5.0
3626,quell,8.0
3627,quelled,9.0
3628,quells,9.0
3629,quench,8.0
3630,quenched,9.0
3631,quest,6.0
3632,quests,7.0
3633,queue,6.0
3634,quick,9.0
3635,quid,6.0
3636,quill,9.0
3637,quills,10.0
3638,quilt,5.0
3639,quince,21.0
3640,quint,8.0
3641,quints,9.0
3642,quip,8.0
3643,quire,3.0
3644,quirk,5.0
3645,quirks,6.0
3646,quit,
3647,quit,
3648,quite,9.0
3649,quits,4.0
3650,quiz,2.0
3651,quote,7.0
3652,quotes,8.0
3653,race,3.0
3654,rack,11.0
3655,racks,12.0
3656,raft,4.0
3657,rafts,5.0
3658,rag,8.0
3659,rage,5.0
3660,rags,9.0
3661,raid,7.0
3662,raids,8.0
3663,rail,9.0
3664,rails,10.0
3665,rain,8.0
3666,rains,9.0
3667,raise,5.0
3668,raised,6.0
3669,rake,8.0
3670,rakes,9.0
3671,ram,7.0
3672,rammed,8.0
3673,ramp,8.0
3674,ramps,9.0
3675,rams,8.0
3676,ran,7.0
3677,ranch,10.0
3678,range,7.0
3679,rank,5.0
3680,ranks,6.0
3681,rant,7.0
3682,rants,8.0
3683,rap,7.0
3684,rape,4.0
3685,raped,5.0
3686,rapes,5.0
3687,rapped,8.0
3688,raps,8.0
3689,rapt,5.0
3690,rare,6.0
3691,rash,6.0
3692,rasp,8.0
3693,rasps,9.0
3694,rat,22.0
3695,ratch,7.0
3696,rate,8.0
3697,rates,9.0
3698,rats,23.0
3699,rave,6.0
3700,raved,7.0
3701,raves,7.0
3702,raw,7.0
3703,ray,9.0
3704,rays,10.0
3705,raze,6.0
3706,reach,4.0
3707,reached,5.0
3708,read,3.0
3709,reads,4.0
3710,real,5.0
3711,realm,5.0
3712,realms,6.0
3713,ream,5.0
3714,reams,6.0
3715,reap,4.0
3716,reaped,5.0
3717,reaps,5.0
3718,rear,4.0
3719,red,
3720,red,
3721,reed,13.0
3722,reeds,14.0
3723,reef,8.0
3724,reefs,9.0
3725,reek,10.0
3726,reeked,11.0
3727,reeks,11.0
3728,reel,6.0
3729,reels,7.0
3730,ref,9.0
3731,refs,10.0
3732,reign,4.0
3733,reigns,5.0
3734,rein,7.0
3735,reins,8.0
3736,rend,8.0
3737,rends,9.0
3738,rent,9.0
3739,rep,9.0
3740,reps,10.0
3741,rest,4.0
3742,rests,5.0
3743,ret,5.0
3744,retch,5.0
3745,rev,4.0
3746,rheum,5.0
3747,rheums,6.0
3748,rhyme,4.0
3749,rhymes,5.0
3750,rib,7.0
3751,ribs,8.0
3752,rice,7.0
3753,rich,4.0
3754,rick,8.0
3755,ricks,9.0
3756,rid,6.0
3757,ride,4.0
3758,rides,5.0
3759,ridge,8.0
3760,rife,7.0
3761,rift,7.0
3762,rifts,8.0
3763,rig,6.0
3764,right,7.0
3765,rigs,7.0
3766,rile,7.0
3767,rill,5.0
3768,rills,6.0
3769,rim,6.0
3770,rime,8.0
3771,rimes,9.0
3772,rims,7.0
3773,rind,7.0
3774,rinds,8.0
3775,ring,6.0
3776,rings,7.0
3777,rink,29.0
3778,rinks,30.0
3779,rinse,6.0
3780,rinsed,7.0
3781,rip,7.0
3782,ripe,7.0
3783,ripped,8.0
3784,rips,8.0
3785,rise,4.0
3786,risk,4.0
3787,risks,5.0
3788,rite,6.0
3789,rites,7.0
3790,rive,8.0
3791,roach,6.0
3792,road,14.0
3793,roads,15.0
3794,roam,4.0
3795,roamed,5.0
3796,roams,5.0
3797,roar,7.0
3798,roared,8.0
3799,roars,8.0
3800,roast,8.0
3801,roasts,9.0
3802,rob,5.0
3803,robbed,6.0
3804,robe,22.0
3805,robes,23.0
3806,robs,6.0
3807,rock,4.0
3808,rocks,5.0
3809,rod,7.0
3810,rode,5.0
3811,rods,8.0
3812,roe,7.0
3813,roes,8.0
3814,rogue,11.0
3815,rogues,12.0
3816,role,5.0
3817,roles,6.0
3818,roll,5.0
3819,rolled,6.0
3820,rolls,6.0
3821,rome,9.0
3822,romp,5.0
3823,rood,7.0
3824,roods,8.0
3825,roof,6.0
3826,roofs,7.0
3827,rook,7.0
3828,rooks,8.0
3829,room,13.0
3830,rooms,14.0
3831,roost,7.0
3832,roosts,8.0
3833,root,7.0
3834,roots,8.0
3835,rope,7.0
3836,ropes,8.0
3837,rose,5.0
3838,rot,5.0
3839,rote,5.0
3840,rotes,6.0
3841,rough,8.0
3842,round,8.0
3843,rouse,5.0
3844,roused,6.0
3845,rout,5.0
3846,route,6.0
3847,routes,7.0
3848,routs,6.0
3849,rove,5.0
3850,roved,6.0
3851,roves,6.0
3852,row,5.0
3853,rows,6.0
3854,rub,4.0
3855,rubbed,5.0
3856,rubs,5.0
3857,rude,9.0
3858,ruff,4.0
3859,rug,6.0
3860,rugs,7.0
3861,rule,5.0
3862,rules,6.0
3863,rum,9.0
3864,rump,5.0
3865,rumps,6.0
3866,rums,10.0
3867,run,6.0
3868,rune,8.0
3869,runes,9.0
3870,rung,8.0
3871,rungs,9.0
3872,runs,7.0
3873,runt,11.0
3874,runts,12.0
3875,ruse,7.0
3876,rush,4.0
3877,rushed,5.0
3878,rust,5.0
3879,rusts,6.0
3880,rut,8.0
3881,ruts,9.0
3882,rye,10.0
3883,ryes,11.0
3884,sack,7.0
3885,sacks,8.0
3886,sad,8.0
3887,safe,4.0
3888,sag,6.0
3889,sage,9.0
3890,sagged,7.0
3891,sags,7.0
3892,said,6.0
3893,sail,4.0
3894,sailed,5.0
3895,sails,5.0
3896,saint,5.0
3897,saints,6.0
3898,sake,5.0
3899,sakes,6.0
3900,sale,7.0
3901,sales,8.0
3902,salt,5.0
3903,salts,6.0
3904,salve,6.0
3905,salves,7.0
3906,same,8.0
3907,sand,8.0
3908,sands,9.0
3909,sane,5.0
3910,sap,8.0
3911,sapped,9.0
3912,saps,9.0
3913,sash,12.0
3914,sass,6.0
3915,sat,4.0
3916,sate,3.0
3917,sauce,8.0
3918,save,3.0
3919,saved,4.0
3920,saves,4.0
3921,saw,5.0
3922,sax,13.0
3923,say,5.0
3924,says,6.0
3925,scab,6.0
3926,scabbed,7.0
3927,scabs,7.0
3928,scads,5.0
3929,scald,8.0
3930,scalds,9.0
3931,scale,9.0
3932,scales,10.0
3933,scalp,25.0
3934,scalps,26.0
3935,scamp,12.0
3936,scan,5.0
3937,scanned,6.0
3938,scans,6.0
3939,scant,6.0
3940,scar,6.0
3941,scarce,6.0
3942,scare,5.0
3943,scared,6.0
3944,scares,6.0
3945,scarf,22.0
3946,scars,7.0
3947,scarves,23.0
3948,scat,5.0
3949,scene,6.0
3950,scenes,7.0
3951,scent,8.0
3952,scents,9.0
3953,scheme,9.0
3954,schemes,10.0
3955,schist,5.0
3956,school,6.0
3957,schools,7.0
3958,scoff,7.0
3959,scoffs,8.0
3960,scold,9.0
3961,scolds,10.0
3962,sconce,7.0
3963,scone,10.0
3964,scones,11.0
3965,scoop,5.0
3966,scooped,6.0
3967,scoops,6.0
3968,scoot,7.0
3969,scoots,8.0
3970,scope,7.0
3971,scopes,8.0
3972,scorch,5.0
3973,scorched,6.0
3974,score,5.0
3975,scores,6.0
3976,scorn,3.0
3977,scorns,4.0
3978,scot,9.0
3979,scotch,8.0
3980,scots,10.0
3981,scour,3.0
3982,scoured,4.0
3983,scourge,11.0
3984,scours,
3985,scours,
3986,scout,9.0
3987,scouts,10.0
3988,scow,20.0
3989,scowl,6.0
3990,scowled,7.0
3991,scowls,7.0
3992,scram,5.0
3993,scrap,5.0
3994,scrape,6.0
3995,scraped,7.0
3996,scrapes,7.0
3997,scraps,6.0
3998,scratch,5.0
3999,scratched,6.0
4000,scrawl,6.0
4001,scrawled,7.0
4002,scrawls,7.0
4003,scream,6.0
4004,screamed,7.0
4005,screams,7.0
4006,scree,4.0
4007,screech,8.0
4008,screed,7.0
4009,screen,4.0
4010,screens,5.0
4011,screw,10.0
4012,screws,11.0
4013,scribe,7.0
4014,scrimp,3.0
4015,scrip,13.0
4016,script,9.0
4017,scripts,10.0
4018,scrounge,5.0
4019,scrub,7.0
4020,scrubbed,8.0
4021,scrubs,8.0
4022,scruff,11.0
4023,scrum,4.0
4024,scrunch,7.0
4025,scud,7.0
4026,scuff,6.0
4027,scuffed,7.0
4028,scuffs,7.0
4029,scum,4.0
4030,sea,6.0
4031,seal,4.0
4032,sealed,5.0
4033,seals,5.0
4034,seam,8.0
4035,seams,9.0
4036,sear,6.0
4037,search,3.0
4038,seas,7.0
4039,seat,7.0
4040,seats,8.0
4041,sect,6.0
4042,sects,7.0
4043,see,4.0
4044,seed,9.0
4045,seeds,10.0
4046,seek,5.0
4047,seeks,6.0
4048,seem,5.0
4049,seemed,6.0
4050,seems,6.0
4051,seep,5.0
4052,seeped,6.0
4053,seeps,6.0
4054,seer,9.0
4055,seers,10.0
4056,sees,5.0
4057,seize,6.0
4058,seized,7.0
4059,self,3.0
4060,sell,4.0
4061,sells,5.0
4062,selves,4.0
4063,send,4.0
4064,sends,5.0
4065,sense,5.0
4066,sent,5.0
4067,serf,9.0
4068,serfs,10.0
4069,serve,6.0
4070,served,7.0
4071,serves,7.0
4072,set,
4073,set,
4074,sets,7.0
4075,sew,5.0
4076,sewed,6.0
4077,sews,6.0
4078,sex,5.0
4079,shack,9.0
4080,shacks,10.0
4081,shade,5.0
4082,shades,6.0
4083,shaft,8.0
4084,shafts,9.0
4085,shag,5.0
4086,shah,10.0
4087,shahs,11.0
4088,shake,5.0
4089,shakes,6.0
4090,shale,7.0
4091,shall,5.0
4092,sham,6.0
4093,shame,3.0
4094,shames,4.0
4095,shams,7.0
4096,shank,9.0
4097,shanks,10.0
4098,shape,4.0
4099,shapes,5.0
4100,shard,6.0
4101,shards,7.0
4102,share,5.0
4103,shared,6.0
4104,shares,6.0
4105,shark,27.0
4106,sharks,28.0
4107,sharp,6.0
4108,shave,7.0
4109,shaved,8.0
4110,shaves,8.0
4111,shawl,23.0
4112,shawls,24.0
4113,she,8.0
4114,sheaf,8.0
4115,sheafs,9.0
4116,shear,5.0
4117,shears,6.0
4118,sheath,6.0
4119,sheathe,3.0
4120,sheaths,7.0
4121,shed,
4122,shed,
4123,sheds,5.0
4124,sheen,8.0
4125,sheens,9.0
4126,sheep,
4127,sheep,
4128,sheer,4.0
4129,sheet,3.0
4130,sheets,4.0
4131,sheik,8.0
4132,sheiks,9.0
4133,shelf,6.0
4134,shell,5.0
4135,shells,6.0
4136,shelve,5.0
4137,shelves,7.0
4138,shield,6.0
4139,shields,7.0
4140,shift,3.0
4141,shifts,4.0
4142,shin,5.0
4143,shine,3.0
4144,shines,4.0
4145,shins,6.0
4146,ship,21.0
4147,ships,22.0
4148,shire,7.0
4149,shires,8.0
4150,shirk,4.0
4151,shirked,5.0
4152,shirks,5.0
4153,shirt,22.0
4154,shirts,23.0
4155,shit,9.0
4156,shits,10.0
4157,shoal,4.0
4158,shoals,5.0
4159,shock,5.0
4160,shocks,6.0
4161,shoe,21.0
4162,shoes,22.0
4163,shone,4.0
4164,shoo,5.0
4165,shook,6.0
4166,shoot,8.0
4167,shoots,9.0
4168,shop,14.0
4169,shops,15.0
4170,shore,9.0
4171,shores,10.0
4172,short,8.0
4173,shot,9.0
4174,should,5.0
4175,shout,6.0
4176,shouts,7.0
4177,shove,6.0
4178,shoved,7.0
4179,shoves,7.0
4180,show,3.0
4181,showed,4.0
4182,shows,4.0
4183,shred,5.0
4184,shreds,6.0
4185,shrew,10.0
4186,shrewd,6.0
4187,shriek,7.0
4188,shrieked,8.0
4189,shrieks,8.0
4190,shrift,4.0
4191,shrike,31.0
4192,shrill,7.0
4193,shrimp,
4194,shrimp,
4195,shrine,30.0
4196,shrines,31.0
4197,shrink,6.0
4198,shrinks,7.0
4199,shrive,5.0
4200,shroud,4.0
4201,shrub,15.0
4202,shrubs,16.0
4203,shrug,6.0
4204,shrugged,7.0
4205,shrugs,7.0
4206,shrunk,7.0
4207,shuck,4.0
4208,shun,4.0
4209,shunned,5.0
4210,shuns,5.0
4211,shunt,6.0
4212,shunts,7.0
4213,shush,7.0
4214,shut,
4215,shut,
4216,shuts,5.0
4217,shy,7.0
4218,sick,8.0
4219,side,5.0
4220,sides,6.0
4221,siege,5.0
4222,sieve,6.0
4223,sieves,7.0
4224,sift,4.0
4225,sifts,5.0
4226,sigh,8.0
4227,sighed,9.0
4228,sighs,9.0
4229,sight,4.0
4230,sights,5.0
4231,sign,8.0
4232,signs,9.0
4233,silk,7.0
4234,silks,8.0
4235,sill,7.0
4236,sills,8.0
4237,silt,8.0
4238,sin,5.0
4239,since,9.0
4240,sing,7.0
4241,singe,7.0
4242,sings,8.0
4243,sink,5.0
4244,sinks,6.0
4245,sins,6.0
4246,sioux,
4247,sioux,
4248,sip,5.0
4249,sipped,6.0
4250,sips,6.0
4251,sir,13.0
4252,sire,4.0
4253,sired,5.0
4254,sires,5.0
4255,sirs,14.0
4256,sis,10.0
4257,sit,3.0
4258,site,7.0
4259,sites,8.0
4260,sits,4.0
4261,size,5.0
4262,skate,5.0
4263,skates,6.0
4264,skeet,5.0
4265,skeets,6.0
4266,skein,10.0
4267,sketch,6.0
4268,skew,4.0
4269,ski,6.0
4270,skid,6.0
4271,skids,7.0
4272,skies,8.0
4273,skiff,21.0
4274,skiffs,22.0
4275,skill,4.0
4276,skills,5.0
4277,skim,5.0
4278,skimmed,6.0
4279,skimp,3.0
4280,skims,6.0
4281,skin,24.0
4282,skins,25.0
4283,skip,3.0
4284,skipped,4.0
4285,skips,4.0
4286,skirt,8.0
4287,skirts,9.0
4288,skis,7.0
4289,skit,3.0
4290,skits,4.0
4291,skulk,5.0
4292,skulked,6.0
4293,skulks,6.0
4294,skull,17.0
4295,skulls,18.0
4296,skunk,11.0
4297,skunks,12.0
4298,sky,7.0
4299,slab,6.0
4300,slabs,7.0
4301,slack,10.0
4302,slacks,11.0
4303,slag,3.0
4304,slake,7.0
4305,slaked,8.0
4306,slakes,8.0
4307,slam,5.0
4308,slammed,6.0
4309,slams,6.0
4310,slang,6.0
4311,slant,5.0
4312,slants,6.0
4313,slap,6.0
4314,slapped,7.0
4315,slaps,7.0
4316,slash,7.0
4317,slashed,8.0
4318,slat,8.0
4319,slate,6.0
4320,slates,7.0
4321,slats,9.0
4322,slave,10.0
4323,slaves,11.0
4324,slaw,10.0
4325,slay,5.0
4326,slays,6.0
4327,sled,7.0
4328,sleek,7.0
4329,sleep,4.0
4330,sleeps,5.0
4331,sleet,10.0
4332,sleets,11.0
4333,sleeve,7.0
4334,sleeves,8.0
4335,sleight,2.0
4336,sleights,3.0
4337,slept,5.0
4338,slew,6.0
4339,slice,3.0
4340,slick,7.0
4341,slid,6.0
4342,slide,5.0
4343,slides,6.0
4344,slight,8.0
4345,slim,8.0
4346,slime,5.0
4347,sling,8.0
4348,slings,9.0
4349,slink,5.0
4350,slinks,6.0
4351,slip,5.0
4352,slipped,6.0
4353,slips,6.0
4354,slit,5.0
4355,slob,14.0
4356,slobs,15.0
4357,sloe,23.0
4358,slog,3.0
4359,sloop,27.0
4360,sloops,28.0
4361,slop,5.0
4362,slope,6.0
4363,slopes,7.0
4364,slopped,6.0
4365,slops,6.0
4366,slosh,7.0
4367,slot,3.0
4368,sloth,4.0
4369,slots,4.0
4370,slouch,9.0
4371,slough,4.0
4372,slow,6.0
4373,sludge,5.0
4374,slug,7.0
4375,slugs,8.0
4376,slum,5.0
4377,slump,7.0
4378,slumped,8.0
4379,slumps,8.0
4380,slums,6.0
4381,slung,9.0
4382,slunk,6.0
4383,slurp,5.0
4384,slurped,6.0
4385,slurps,6.0
4386,slush,7.0
4387,slut,11.0
4388,sly,8.0
4389,smack,7.0
4390,smacked,8.0
4391,smacks,8.0
4392,small,8.0
4393,smart,6.0
4394,smash,7.0
4395,smashed,8.0
4396,smear,7.0
4397,smears,8.0
4398,smell,4.0
4399,smelled,5.0
4400,smells,5.0
4401,smile,6.0
4402,smiled,7.0
4403,smiles,7.0
4404,smirk,9.0
4405,smirks,10.0
4406,smite,6.0
4407,smites,7.0
4408,smith,10.0
4409,smiths,11.0
4410,smock,6.0
4411,smocks,7.0
4412,smog,4.0
4413,smogs,5.0
4414,smoke,6.0
4415,smokes,7.0
4416,smooch,8.0
4417,smooth,7.0
4418,smote,7.0
4419,smudge,5.0
4420,smudged,6.0
4421,smug,7.0
4422,smut,8.0
4423,snack,12.0
4424,snacks,13.0
4425,snag,6.0
4426,snagged,7.0
4427,snags,7.0
4428,snail,15.0
4429,snails,16.0
4430,snake,19.0
4431,snakes,20.0
4432,snap,7.0
4433,snapped,8.0
4434,snaps,8.0
4435,snare,6.0
4436,snares,7.0
4437,snarl,7.0
4438,snarled,8.0
4439,snarls,8.0
4440,snatch,6.0
4441,snatched,7.0
4442,sneak,6.0
4443,sneaked,7.0
4444,sneaks,7.0
4445,sneer,6.0
4446,sneered,7.0
4447,sneers,7.0
4448,sneeze,5.0
4449,sneezed,6.0
4450,sniff,5.0
4451,sniffed,6.0
4452,sniffs,6.0
4453,snip,5.0
4454,snipe,32.0
4455,snips,6.0
4456,snob,12.0
4457,snobs,13.0
4458,snoop,4.0
4459,snooped,5.0
4460,snoops,5.0
4461,snoot,17.0
4462,snoots,18.0
4463,snooze,7.0
4464,snore,4.0
4465,snort,5.0
4466,snot,11.0
4467,snout,17.0
4468,snouts,18.0
4469,snow,9.0
4470,snows,10.0
4471,snub,5.0
4472,snubbed,6.0
4473,snubs,6.0
4474,snuff,5.0
4475,snuffed,6.0
4476,snuffs,6.0
4477,snug,7.0
4478,so,7.0
4479,soak,5.0
4480,soaked,6.0
4481,soaks,6.0
4482,soap,5.0
4483,soaps,6.0
4484,soar,6.0
4485,soared,7.0
4486,soars,7.0
4487,sob,9.0
4488,sobs,10.0
4489,sock,8.0
4490,socks,9.0
4491,sod,5.0
4492,sods,6.0
4493,soft,6.0
4494,soil,5.0
4495,soils,6.0
4496,sold,5.0
4497,sole,4.0
4498,solve,3.0
4499,some,9.0
4500,son,11.0
4501,song,9.0
4502,songs,10.0
4503,sons,12.0
4504,soon,11.0
4505,soot,8.0
4506,soothe,3.0
4507,soothed,4.0
4508,soothes,4.0
4509,sooths,7.0
4510,sop,6.0
4511,sops,7.0
4512,sore,8.0
4513,sort,8.0
4514,sorts,9.0
4515,sot,9.0
4516,sots,10.0
4517,sought,6.0
4518,soul,3.0
4519,souls,4.0
4520,sound,6.0
4521,sounds,7.0
4522,soup,11.0
4523,soups,12.0
4524,sour,5.0
4525,source,5.0
4526,soured,6.0
4527,sours,6.0
4528,souse,6.0
4529,south,7.0
4530,sow,5.0
4531,soy,15.0
4532,soys,16.0
4533,spa,6.0
4534,space,2.0
4535,spade,7.0
4536,spades,8.0
4537,spam,7.0
4538,span,4.0
4539,spank,5.0
4540,spans,5.0
4541,spar,4.0
4542,spare,4.0
4543,spared,5.0
4544,spares,5.0
4545,spark,4.0
4546,sparks,5.0
4547,sparse,7.0
4548,spas,7.0
4549,spat,7.0
4550,spate,6.0
4551,spates,7.0
4552,spawn,14.0
4553,spay,5.0
4554,speak,5.0
4555,speaks,6.0
4556,spear,10.0
4557,spears,11.0
4558,speck,7.0
4559,specks,8.0
4560,speech,7.0
4561,speed,5.0
4562,speeds,6.0
4563,spell,5.0
4564,spells,6.0
4565,spend,3.0
4566,spends,4.0
4567,spent,4.0
4568,sperm,11.0
4569,spew,7.0
4570,spewed,8.0
4571,spews,8.0
4572,sphere,5.0
4573,spheres,6.0
4574,sphinx,9.0
4575,spice,5.0
4576,spies,10.0
4577,spike,3.0
4578,spikes,4.0
4579,spill,4.0
4580,spilled,5.0
4581,spills,5.0
4582,spin,5.0
4583,spine,6.0
4584,spines,7.0
4585,spins,6.0
4586,spire,9.0
4587,spires,10.0
4588,spit,6.0
4589,spite,5.0
4590,spites,6.0
4591,spits,7.0
4592,splash,6.0
4593,splashed,7.0
4594,splay,4.0
4595,spleen,7.0
4596,spleens,8.0
4597,splice,6.0
4598,split,6.0
4599,splotch,5.0
4600,splotched,6.0
4601,splurge,6.0
4602,spoil,4.0
4603,spoiled,5.0
4604,spoils,5.0
4605,spoke,6.0
4606,sponge,6.0
4607,spoof,7.0
4608,spoofs,8.0
4609,spook,8.0
4610,spooks,9.0
4611,spool,8.0
4612,spools,9.0
4613,spoon,8.0
4614,spoons,9.0
4615,spore,6.0
4616,spores,7.0
4617,sport,4.0
4618,sports,5.0
4619,spot,6.0
4620,spots,7.0
4621,spouse,9.0
4622,spout,6.0
4623,spouts,7.0
4624,sprain,7.0
4625,sprained,8.0
4626,sprains,8.0
4627,sprat,7.0
4628,sprawl,5.0
4629,sprawled,6.0
4630,sprawls,6.0
4631,spray,5.0
4632,sprays,6.0
4633,spread,3.0
4634,spree,6.0
4635,sprees,7.0
4636,sprig,11.0
4637,sprigs,12.0
4638,spring,4.0
4639,springs,5.0
4640,sprint,5.0
4641,sprite,5.0
4642,sprites,6.0
4643,sprout,8.0
4644,spruce,7.0
4645,spud,8.0
4646,spun,6.0
4647,spunk,5.0
4648,spur,7.0
4649,spurn,4.0
4650,spurned,5.0
4651,spurns,5.0
4652,spurs,8.0
4653,spurt,8.0
4654,spurts,9.0
4655,spy,9.0
4656,squab,16.0
4657,squad,7.0
4658,squads,8.0
4659,squall,8.0
4660,squalls,9.0
4661,square,9.0
4662,squares,10.0
4663,squash,
4664,squash,
4665,squat,4.0
4666,squaw,11.0
4667,squawk,5.0
4668,squaws,12.0
4669,squeak,8.0
4670,squeal,5.0
4671,squeeze,5.0
4672,squelch,8.0
4673,squib,7.0
4674,squid,7.0
4675,squint,5.0
4676,squire,9.0
4677,squires,10.0
4678,squirm,5.0
4679,squirt,5.0
4680,stab,7.0
4681,stabs,8.0
4682,stack,6.0
4683,stacked,7.0
4684,stacks,7.0
4685,staff,5.0
4686,staffs,6.0
4687,stag,38.0
4688,stage,5.0
4689,stags,39.0
4690,stain,6.0
4691,stained,7.0
4692,stains,7.0
4693,stair,7.0
4694,stairs,8.0
4695,stake,4.0
4696,stakes,5.0
4697,stale,8.0
4698,stalk,5.0
4699,stalked,6.0
4700,stalks,6.0
4701,stall,14.0
4702,stalls,15.0
4703,stamp,8.0
4704,stamped,9.0
4705,stamps,9.0
4706,stance,4.0
4707,stand,6.0
4708,stands,7.0
4709,star,5.0
4710,starch,5.0
4711,stare,4.0
4712,stared,5.0
4713,stares,5.0
4714,stark,5.0
4715,stars,6.0
4716,start,3.0
4717,starts,4.0
4718,starve,4.0
4719,starved,5.0
4720,starves,5.0
4721,stash,3.0
4722,stashed,4.0
4723,state,4.0
4724,states,5.0
4725,staunch,7.0
4726,stave,8.0
4727,staved,9.0
4728,staves,9.0
4729,stay,3.0
4730,stayed,4.0
4731,stays,4.0
4732,stead,7.0
4733,steads,8.0
4734,steak,9.0
4735,steaks,10.0
4736,steal,5.0
4737,steals,6.0
4738,stealth,3.0
4739,steam,5.0
4740,steams,6.0
4741,steed,36.0
4742,steeds,37.0
4743,steel,5.0
4744,steels,6.0
4745,steep,8.0
4746,steer,5.0
4747,steered,6.0
4748,steers,6.0
4749,stein,11.0
4750,steins,12.0
4751,stem,9.0
4752,stems,10.0
4753,stench,9.0
4754,step,8.0
4755,steps,9.0
4756,stern,7.0
4757,stew,4.0
4758,stews,5.0
4759,stick,6.0
4760,sticks,7.0
4761,stiff,8.0
4762,stile,8.0
4763,still,10.0
4764,stilt,10.0
4765,stilts,11.0
4766,sting,8.0
4767,stings,9.0
4768,stink,5.0
4769,stinks,6.0
4770,stint,5.0
4771,stints,6.0
4772,stir,5.0
4773,stirred,6.0
4774,stirs,6.0
4775,stitch,4.0
4776,stock,4.0
4777,stocks,5.0
4778,stoke,5.0
4779,stoked,6.0
4780,stokes,6.0
4781,stole,6.0
4782,stomp,6.0
4783,stone,5.0
4784,stones,6.0
4785,stood,7.0
4786,stool,9.0
4787,stools,10.0
4788,stoop,7.0
4789,stooped,8.0
4790,stoops,8.0
4791,stop,2.0
4792,stopped,3.0
4793,stops,3.0
4794,store,14.0
4795,stores,15.0
4796,stork,30.0
4797,storks,31.0
4798,storm,4.0
4799,storms,5.0
4800,stout,6.0
4801,stove,9.0
4802,stoves,10.0
4803,stow,7.0
4804,stowed,8.0
4805,stows,8.0
4806,straight,6.0
4807,strain,4.0
4808,strains,5.0
4809,strait,5.0
4810,straits,6.0
4811,strand,5.0
4812,strands,6.0
4813,strange,5.0
4814,strap,7.0
4815,strapped,8.0
4816,straps,8.0
4817,straw,8.0
4818,straws,9.0
4819,stray,6.0
4820,streak,5.0
4821,streaks,6.0
4822,stream,7.0
4823,streams,8.0
4824,street,14.0
4825,streets,15.0
4826,strength,4.0
4827,strengths,5.0
4828,stress,7.0
4829,stretch,4.0
4830,stretched,5.0
4831,strew,3.0
4832,strict,4.0
4833,stride,8.0
4834,strides,9.0
4835,strife,2.0
4836,strifes,3.0
4837,strike,6.0
4838,strikes,7.0
4839,string,7.0
4840,strings,8.0
4841,strip,3.0
4842,stripe,6.0
4843,stripes,7.0
4844,strips,4.0
4845,strive,3.0
4846,strives,4.0
4847,stroke,7.0
4848,strokes,8.0
4849,stroll,5.0
4850,strolled,6.0
4851,strolls,6.0
4852,strong,5.0
4853,strop,4.0
4854,stropped,5.0
4855,strops,5.0
4856,strove,4.0
4857,struck,7.0
4858,strum,3.0
4859,strut,6.0
4860,stub,9.0
4861,stubbed,10.0
4862,stubs,10.0
4863,stuck,7.0
4864,stud,13.0
4865,studs,14.0
4866,stuff,5.0
4867,stuffs,6.0
4868,stump,4.0
4869,stumps,5.0
4870,stun,5.0
4871,stung,9.0
4872,stunk,6.0
4873,stunned,6.0
4874,stuns,6.0
4875,stunt,5.0
4876,stunts,6.0
4877,sty,6.0
4878,style,8.0
4879,styles,9.0
4880,suave,7.0
4881,sub,10.0
4882,subs,11.0
4883,such,4.0
4884,suck,6.0
4885,sucked,7.0
4886,sucks,7.0
4887,suds,10.0
4888,sue,11.0
4889,sued,12.0
4890,suede,8.0
4891,suedes,9.0
4892,sues,12.0
4893,suit,22.0
4894,suite,6.0
4895,suites,7.0
4896,suits,23.0
4897,sulk,6.0
4898,sulked,7.0
4899,sulks,7.0
4900,sum,2.0
4901,sump,9.0
4902,sums,3.0
4903,sun,6.0
4904,sung,8.0
4905,sunk,6.0
4906,suns,7.0
4907,sup,6.0
4908,surd,5.0
4909,sure,6.0
4910,surf,6.0
4911,surfs,7.0
4912,surge,4.0
4913,surged,5.0
4914,svelte,6.0
4915,swab,5.0
4916,swabbed,6.0
4917,swabs,6.0
4918,swam,5.0
4919,swamp,6.0
4920,swamps,7.0
4921,swan,30.0
4922,swank,7.0
4923,swans,31.0
4924,swap,5.0
4925,swapped,6.0
4926,swaps,6.0
4927,swarm,6.0
4928,swarmed,7.0
4929,swarms,7.0
4930,swat,6.0
4931,swatch,8.0
4932,swath,6.0
4933,swaths,7.0
4934,sway,4.0
4935,sways,5.0
4936,swear,5.0
4937,swears,6.0
4938,sweat,7.0
4939,sweats,8.0
4940,swede,9.0
4941,sweep,4.0
4942,sweeps,5.0
4943,sweet,7.0
4944,swell,5.0
4945,swelled,6.0
4946,swells,6.0
4947,swept,5.0
4948,swerve,6.0
4949,swerved,7.0
4950,swerves,7.0
4951,swift,7.0
4952,swig,9.0
4953,swigs,10.0
4954,swill,6.0
4955,swim,4.0
4956,swims,5.0
4957,swing,4.0
4958,swinge,6.0
4959,swings,5.0
4960,swipe,7.0
4961,swipes,8.0
4962,swirl,7.0
4963,swirled,8.0
4964,swirls,8.0
4965,swish,7.0
4966,swished,8.0
4967,switch,8.0
4968,swoon,5.0
4969,swoop,7.0
4970,swooped,8.0
4971,swoops,8.0
4972,sword,10.0
4973,swords,11.0
4974,swore,6.0
4975,swung,5.0
4976,sylph,12.0
4977,sync,6.0
4978,tab,16.0
4979,tabs,17.0
4980,tack,7.0
4981,tacks,8.0
4982,tact,5.0
4983,tacts,6.0
4984,tag,6.0
4985,tagged,7.0
4986,tags,7.0
4987,tail,8.0
4988,tails,9.0
4989,taint,3.0
4990,taints,4.0
4991,take,4.0
4992,takes,5.0
4993,talc,6.0
4994,talcs,7.0
4995,tale,8.0
4996,tales,9.0
4997,talk,6.0
4998,talked,7.0
4999,talks,7.0
5000,tall,8.0
5001,tame,6.0
5002,tamp,5.0
5003,tamped,6.0
5004,tamps,6.0
5005,tan,4.0
5006,tang,4.0
5007,tank,8.0
5008,tanks,9.0
5009,tanned,5.0
5010,tans,5.0
5011,tap,7.0
5012,tape,4.0
5013,tapes,5.0
5014,tapped,8.0
5015,taps,8.0
5016,tar,6.0
5017,tart,8.0
5018,task,4.0
5019,tasks,5.0
5020,taste,7.0
5021,tastes,8.0
5022,taught,8.0
5023,taunt,3.0
5024,taunts,4.0
5025,taut,7.0
5026,tax,5.0
5027,tea,5.0
5028,teach,7.0
5029,teak,7.0
5030,teaks,8.0
5031,teal,7.0
5032,teals,8.0
5033,team,6.0
5034,teams,7.0
5035,tear,5.0
5036,tears,6.0
5037,teas,6.0
5038,tease,6.0
5039,teased,7.0
5040,teat,8.0
5041,teats,9.0
5042,tee,7.0
5043,teem,5.0
5044,teemed,6.0
5045,teems,6.0
5046,tees,8.0
5047,teeth,19.0
5048,tell,5.0
5049,tells,6.0
5050,temp,9.0
5051,tempt,9.0
5052,tend,5.0
5053,tends,6.0
5054,tense,7.0
5055,tent,9.0
5056,tents,10.0
5057,term,8.0
5058,terms,9.0
5059,tern,30.0
5060,terns,31.0
5061,terse,9.0
5062,test,5.0
5063,tests,6.0
5064,text,8.0
5065,texts,9.0
5066,than,7.0
5067,thank,5.0
5068,thanked,6.0
5069,thanks,6.0
5070,that,8.0
5071,thatch,11.0
5072,thaw,6.0
5073,thawed,7.0
5074,thaws,7.0
5075,the,8.0
5076,thee,10.0
5077,theft,6.0
5078,thefts,7.0
5079,their,9.0
5080,theirs,9.0
5081,them,9.0
5082,theme,6.0
5083,themes,7.0
5084,then,10.0
5085,thence,11.0
5086,there,10.0
5087,therm,6.0
5088,these,7.0
5089,they,8.0
5090,thick,6.0
5091,thief,10.0
5092,thieve,5.0
5093,thieves,11.0
5094,thigh,20.0
5095,thighs,21.0
5096,thin,5.0
5097,thine,10.0
5098,thing,3.0
5099,things,4.0
5100,think,4.0
5101,thinks,5.0
5102,thirst,4.0
5103,thirsts,5.0
5104,this,8.0
5105,thong,8.0
5106,thongs,9.0
5107,thorn,3.0
5108,thorns,4.0
5109,those,8.0
5110,thou,9.0
5111,thought,5.0
5112,thrall,2.0
5113,thrash,6.0
5114,thrashed,7.0
5115,thread,7.0
5116,threads,8.0
5117,threat,4.0
5118,threats,5.0
5119,thresh,5.0
5120,threshed,6.0
5121,threw,7.0
5122,thrice,13.0
5123,thrift,13.0
5124,thrifts,14.0
5125,thrill,5.0
5126,thrills,6.0
5127,thrive,7.0
5128,thrived,8.0
5129,thrives,8.0
5130,throat,8.0
5131,throats,9.0
5132,throb,6.0
5133,throbbed,7.0
5134,throbs,7.0
5135,throes,4.0
5136,throne,13.0
5137,thrones,14.0
5138,throng,4.0
5139,throngs,5.0
5140,through,8.0
5141,throw,6.0
5142,throws,7.0
5143,thru,8.0
5144,thrum,6.0
5145,thrush,6.0
5146,thrust,
5147,thrust,
5148,thrusts,7.0
5149,thud,5.0
5150,thuds,6.0
5151,thug,11.0
5152,thugs,12.0
5153,thumb,10.0
5154,thumbs,11.0
5155,thump,5.0
5156,thumped,6.0
5157,thumps,6.0
5158,thus,7.0
5159,thwack,7.0
5160,thwacks,8.0
5161,thwart,6.0
5162,thyme,13.0
5163,thymes,14.0
5164,tic,7.0
5165,tick,7.0
5166,ticked,8.0
5167,ticks,8.0
5168,tics,8.0
5169,tide,8.0
5170,tides,9.0
5171,tie,6.0
5172,tied,7.0
5173,tier,3.0
5174,tiers,4.0
5175,ties,7.0
5176,tiff,3.0
5177,tiffs,4.0
5178,tight,7.0
5179,tights,10.0
5180,tike,11.0
5181,tile,6.0
5182,tiles,7.0
5183,tilt,7.0
5184,time,4.0
5185,times,5.0
5186,tin,7.0
5187,tine,10.0
5188,tines,11.0
5189,tinge,6.0
5190,tins,8.0
5191,tint,6.0
5192,tints,7.0
5193,tip,7.0
5194,tips,8.0
5195,tire,8.0
5196,tired,9.0
5197,tires,9.0
5198,tit,9.0
5199,tithe,5.0
5200,tithes,6.0
5201,tits,10.0
5202,to,8.0
5203,toad,19.0
5204,toads,20.0
5205,toast,10.0
5206,toasts,11.0
5207,toe,10.0
5208,toes,11.0
5209,toil,4.0
5210,toils,5.0
5211,told,6.0
5212,toll,10.0
5213,tolls,11.0
5214,tom,8.0
5215,tomb,10.0
5216,tombs,11.0
5217,tome,17.0
5218,tomes,18.0
5219,ton,7.0
5220,tone,7.0
5221,tones,8.0
5222,tongue,8.0
5223,tongues,9.0
5224,tons,8.0
5225,too,7.0
5226,took,5.0
5227,tool,6.0
5228,tools,7.0
5229,toot,8.0
5230,tooth,18.0
5231,top,5.0
5232,tops,6.0
5233,torch,8.0
5234,tore,6.0
5235,torque,5.0
5236,torques,6.0
5237,tort,3.0
5238,torts,4.0
5239,tosh,7.0
5240,toss,8.0
5241,tossed,9.0
5242,tot,12.0
5243,tote,6.0
5244,tots,13.0
5245,touch,4.0
5246,touched,5.0
5247,tough,7.0
5248,tour,8.0
5249,tours,9.0
5250,tout,5.0
5251,tow,6.0
5252,towed,7.0
5253,town,12.0
5254,towns,13.0
5255,tows,7.0
5256,toy,4.0
5257,toys,5.0
5258,trace,5.0
5259,traced,6.0
5260,track,6.0
5261,tracks,7.0
5262,tract,7.0
5263,tracts,8.0
5264,trade,7.0
5265,trades,8.0
5266,trail,7.0
5267,trails,8.0
5268,train,7.0
5269,trained,8.0
5270,trains,8.0
5271,trait,3.0
5272,traits,4.0
5273,tram,5.0
5274,tramp,5.0
5275,tramped,6.0
5276,tramps,6.0
5277,trance,5.0
5278,trap,8.0
5279,traps,9.0
5280,trash,6.0
5281,tray,6.0
5282,trays,7.0
5283,tread,8.0
5284,treads,9.0
5285,treat,4.0
5286,treats,5.0
5287,tree,18.0
5288,trees,19.0
5289,trek,8.0
5290,treks,9.0
5291,trench,7.0
5292,trend,7.0
5293,trends,8.0
5294,tress,12.0
5295,trial,6.0
5296,trials,7.0
5297,tribe,3.0
5298,tribes,4.0
5299,trick,7.0
5300,tricks,8.0
5301,tried,3.0
5302,tries,3.0
5303,trig,10.0
5304,trike,11.0
5305,trill,13.0
5306,trills,14.0
5307,trim,6.0
5308,trimmed,7.0
5309,trims,7.0
5310,trip,8.0
5311,tripe,8.0
5312,tripes,9.0
5313,trips,9.0
5314,trite,6.0
5315,troll,9.0
5316,trolls,10.0
5317,troop,7.0
5318,troops,8.0
5319,trope,6.0
5320,trot,6.0
5321,trots,7.0
5322,trough,6.0
5323,troughs,7.0
5324,trounce,4.0
5325,troupe,4.0
5326,troupes,5.0
5327,trout,7.0
5328,trouts,8.0
5329,trove,5.0
5330,troy,3.0
5331,truce,4.0
5332,truck,29.0
5333,trucks,30.0
5334,trudge,6.0
5335,trudged,7.0
5336,true,5.0
5337,trump,6.0
5338,trumped,7.0
5339,trumps,7.0
5340,trunk,8.0
5341,trunks,9.0
5342,truss,6.0
5343,trust,3.0
5344,trusts,4.0
5345,truth,5.0
5346,truths,6.0
5347,try,2.0
5348,tryst,5.0
5349,trysts,6.0
5350,tsar,11.0
5351,tsars,12.0
5352,tub,11.0
5353,tube,8.0
5354,tubes,9.0
5355,tubs,12.0
5356,tuck,5.0
5357,tucked,6.0
5358,tucks,6.0
5359,tues,4.0
5360,tuft,6.0
5361,tufts,7.0
5362,tug,6.0
5363,tugged,7.0
5364,tugs,7.0
5365,tune,6.0
5366,tunes,7.0
5367,turd,9.0
5368,turf,5.0
5369,turn,5.0
5370,turned,6.0
5371,turns,6.0
5372,tush,6.0
5373,tusk,6.0
5374,tusks,7.0
5375,tux,7.0
5376,twain,8.0
5377,twains,9.0
5378,tweed,9.0
5379,tweeds,10.0
5380,tweet,4.0
5381,tweets,5.0
5382,twice,12.0
5383,twig,10.0
5384,twigs,11.0
5385,twin,10.0
5386,twine,6.0
5387,twinge,5.0
5388,twins,11.0
5389,twirl,7.0
5390,twirled,8.0
5391,twirls,8.0
5392,twist,4.0
5393,twists,5.0
5394,twit,10.0
5395,twitch,5.0
5396,twitched,6.0
5397,tyke,11.0
5398,tykes,12.0
5399,type,8.0
5400,types,9.0
5401,ump,10.0
5402,umps,11.0
5403,up,11.0
5404,urge,7.0
5405,urged,8.0
5406,urn,12.0
5407,urns,13.0
5408,us,8.0
5409,use,2.0
5410,used,3.0
5411,vague,4.0
5412,vain,7.0
5413,vale,7.0
5414,vales,8.0
5415,valse,4.0
5416,valve,5.0
5417,valves,6.0
5418,vamp,13.0
5419,vamps,14.0
5420,van,3.0
5421,vane,8.0
5422,vanes,9.0
5423,vans,4.0
5424,vase,13.0
5425,vast,8.0
5426,vat,6.0
5427,vats,7.0
5428,vault,9.0
5429,vaults,10.0
5430,vaunt,8.0
5431,veal,8.0
5432,veals,9.0
5433,veer,7.0
5434,veered,8.0
5435,veers,8.0
5436,veil,22.0
5437,veils,23.0
5438,vein,7.0
5439,veins,8.0
5440,veld,8.0
5441,veldt,9.0
5442,veldts,10.0
5443,vend,3.0
5444,vent,6.0
5445,vents,7.0
5446,verb,4.0
5447,verbs,5.0
5448,verge,7.0
5449,verse,7.0
5450,verve,4.0
5451,verves,5.0
5452,vest,22.0
5453,vests,23.0
5454,vet,14.0
5455,vets,15.0
5456,vex,8.0
5457,vexed,9.0
5458,vice,4.0
5459,vie,3.0
5460,vied,4.0
5461,vies,4.0
5462,view,3.0
5463,views,4.0
5464,vile,9.0
5465,vine,11.0
5466,vines,12.0
5467,vise,8.0
5468,vogue,7.0
5469,vogues,8.0
5470,voice,6.0
5471,void,2.0
5472,voids,3.0
5473,vole,22.0
5474,voles,23.0
5475,volt,6.0
5476,volts,7.0
5477,vote,5.0
5478,votes,6.0
5479,vouch,4.0
5480,vouched,5.0
5481,vow,6.0
5482,vowed,7.0
5483,vows,7.0
5484,wad,6.0
5485,wade,5.0
5486,wades,6.0
5487,waft,4.0
5488,wag,5.0
5489,wage,8.0
5490,wagged,6.0
5491,wags,6.0
5492,waif,12.0
5493,waifs,13.0
5494,wail,6.0
5495,wailed,7.0
5496,wails,7.0
5497,wain,15.0
5498,wains,16.0
5499,waist,6.0
5500,waists,7.0
5501,wait,3.0
5502,waits,4.0
5503,waive,3.0
5504,waived,4.0
5505,waives,4.0
5506,wake,4.0
5507,wakes,5.0
5508,wale,7.0
5509,wales,8.0
5510,walk,5.0
5511,walked,6.0
5512,walks,6.0
5513,wall,13.0
5514,walls,14.0
5515,waltz,8.0
5516,wan,5.0
5517,wand,7.0
5518,wands,8.0
5519,wane,8.0
5520,waned,9.0
5521,wanes,9.0
5522,wank,5.0
5523,want,5.0
5524,wants,6.0
5525,war,5.0
5526,ward,9.0
5527,wards,10.0
5528,ware,5.0
5529,wares,6.0
5530,warm,7.0
5531,warmth,7.0
5532,warmths,8.0
5533,warn,6.0
5534,warned,7.0
5535,warns,7.0
5536,warp,6.0
5537,warped,7.0
5538,warps,7.0
5539,wars,6.0
5540,wart,8.0
5541,warts,9.0
5542,was,
5543,was,
5544,wash,5.0
5545,washed,6.0
5546,wasp,8.0
5547,wasps,9.0
5548,waste,5.0
5549,wastes,6.0
5550,watch,3.0
5551,watched,4.0
5552,watt,6.0
5553,watts,7.0
5554,wave,6.0
5555,waves,7.0
5556,wax,6.0
5557,way,4.0
5558,ways,5.0
5559,we,7.0
5560,weak,6.0
5561,weal,7.0
5562,weald,6.0
5563,wealds,7.0
5564,weals,8.0
5565,wealth,4.0
5566,wealths,5.0
5567,wean,3.0
5568,weaned,4.0
5569,weans,4.0
5570,wear,3.0
5571,wears,4.0
5572,weave,6.0
5573,weaves,7.0
5574,web,3.0
5575,webs,4.0
5576,wed,
5577,wed,
5578,wedge,7.0
5579,weds,5.0
5580,wee,8.0
5581,weed,11.0
5582,weeds,12.0
5583,week,4.0
5584,weeks,5.0
5585,weep,5.0
5586,weeps,6.0
5587,weigh,4.0
5588,weight,5.0
5589,weights,6.0
5590,weird,5.0
5591,weld,5.0
5592,welds,6.0
5593,well,6.0
5594,welsh,9.0
5595,welt,7.0
5596,welts,8.0
5597,wen,7.0
5598,wench,14.0
5599,wend,4.0
5600,went,7.0
5601,wept,6.0
5602,were,7.0
5603,west,6.0
5604,wet,5.0
5605,whack,7.0
5606,whacked,8.0
5607,whacks,8.0
5608,whale,9.0
5609,wham,7.0
5610,wharf,12.0
5611,wharves,13.0
5612,what,8.0
5613,wheat,16.0
5614,wheats,17.0
5615,wheel,12.0
5616,wheels,13.0
5617,wheeze,8.0
5618,wheezed,9.0
5619,whelp,10.0
5620,whelps,11.0
5621,when,9.0
5622,whence,10.0
5623,where,12.0
5624,whet,4.0
5625,whey,6.0
5626,which,9.0
5627,whiff,8.0
5628,whiffs,9.0
5629,whig,10.0
5630,whigs,11.0
5631,while,7.0
5632,whim,4.0
5633,whims,5.0
5634,whin,15.0
5635,whine,4.0
5636,whined,5.0
5637,whines,5.0
5638,whip,5.0
5639,whipped,6.0
5640,whips,6.0
5641,whir,4.0
5642,whirl,7.0
5643,whirled,8.0
5644,whirls,8.0
5645,whirs,5.0
5646,whisk,6.0
5647,whisked,7.0
5648,whisks,7.0
5649,whist,3.0
5650,white,5.0
5651,whits,7.0
5652,whiz,6.0
5653,whizzed,7.0
5654,who,9.0
5655,whole,5.0
5656,whom,10.0
5657,whoop,5.0
5658,whop,7.0
5659,whore,13.0
5660,whores,14.0
5661,whorl,5.0
5662,whorls,6.0
5663,whose,9.0
5664,wick,7.0
5665,wicks,8.0
5666,wide,8.0
5667,width,6.0
5668,widths,7.0
5669,wield,4.0
5670,wife,12.0
5671,wig,7.0
5672,wigs,8.0
5673,wild,7.0
5674,wile,7.0
5675,wiles,8.0
5676,will,5.0
5677,willed,6.0
5678,wills,6.0
5679,wilt,6.0
5680,wilts,7.0
5681,win,6.0
5682,wince,7.0
5683,winced,8.0
5684,winch,7.0
5685,wind,6.0
5686,winds,7.0
5687,wine,6.0
5688,wines,7.0
5689,wing,7.0
5690,wings,8.0
5691,wink,6.0
5692,winked,7.0
5693,winks,7.0
5694,wins,7.0
5695,wipe,6.0
5696,wiped,7.0
5697,wipes,7.0
5698,wire,5.0
5699,wires,6.0
5700,wise,6.0
5701,wish,5.0
5702,wished,6.0
5703,wisp,6.0
5704,wisps,7.0
5705,wit,7.0
5706,witch,8.0
5707,with,8.0
5708,wits,8.0
5709,wives,13.0
5710,woe,4.0
5711,woes,5.0
5712,woke,5.0
5713,wolf,24.0
5714,wolves,25.0
5715,womb,8.0
5716,wombs,9.0
5717,won,7.0
5718,wont,6.0
5719,woo,5.0
5720,wood,7.0
5721,woods,8.0
5722,wooed,6.0
5723,woof,9.0
5724,woofs,10.0
5725,wool,7.0
5726,wools,8.0
5727,woos,6.0
5728,word,8.0
5729,words,9.0
5730,wore,4.0
5731,work,4.0
5732,works,5.0
5733,world,2.0
5734,worlds,3.0
5735,worm,11.0
5736,worms,12.0
5737,worst,7.0
5738,wort,13.0
5739,worth,6.0
5740,would,7.0
5741,wove,7.0
5742,wow,6.0
5743,wrack,5.0
5744,wraith,8.0
5745,wraiths,9.0
5746,wrap,3.0
5747,wrapped,4.0
5748,wraps,4.0
5749,wrath,6.0
5750,wraths,7.0
5751,wreak,4.0
5752,wreath,10.0
5753,wreathe,2.0
5754,wreaths,11.0
5755,wreck,5.0
5756,wrecked,6.0
5757,wrecks,6.0
5758,wren,31.0
5759,wrench,6.0
5760,wrenched,7.0
5761,wrens,32.0
5762,wrest,6.0
5763,wrests,7.0
5764,wretch,10.0
5765,wright,10.0
5766,wring,6.0
5767,wrist,8.0
5768,wrists,9.0
5769,writ,12.0
5770,write,4.0
5771,writes,5.0
5772,writhe,5.0
5773,writhed,6.0
5774,writhes,6.0
5775,writs,13.0
5776,wrong,6.0
5777,wrote,5.0
5778,wry,6.0
5779,yacht,18.0
5780,yachts,19.0
5781,yak,8.0
5782,yaks,9.0
5783,yam,8.0
5784,yams,9.0
5785,yank,7.0
5786,yanked,8.0
5787,yanks,8.0
5788,yap,5.0
5789,yapped,6.0
5790,yaps,6.0
5791,yard,5.0
5792,yards,6.0
5793,yarn,9.0
5794,yarns,10.0
5795,yaw,3.0
5796,yawl,21.0
5797,yawls,22.0
5798,yawn,9.0
5799,yawned,10.0
5800,yawns,10.0
5801,yaws,4.0
5802,yea,8.0
5803,yeah,8.0
5804,year,4.0
5805,yearn,5.0
5806,yearned,6.0
5807,yearns,6.0
5808,years,5.0
5809,yeast,6.0
5810,yeasts,7.0
5811,yell,4.0
5812,yelled,5.0
5813,yells,5.0
5814,yelp,5.0
5815,yelps,6.0
5816,yen,3.0
5817,yens,4.0
5818,yes,7.0
5819,yet,10.0
5820,yield,6.0
5821,yields,7.0
5822,yob,11.0
5823,yoke,7.0
5824,yokes,8.0
5825,yolk,5.0
5826,yolks,6.0
5827,yon,12.0
5828,yore,4.0
5829,yores,5.0
5830,you,9.0
5831,young,5.0
5832,your,9.0
5833,yours,10.0
5834,youth,10.0
5835,youths,11.0
5836,yowl,4.0
5837,yule,5.0
5838,yules,6.0
5839,zap,5.0
5840,zeal,4.0
5841,zeals,5.0
5842,zed,11.0
5843,zeds,12.0
5844,zee,11.0
5845,zen,6.0
5846,zens,7.0
5847,zest,4.0
5848,zests,5.0
5849,zinc,7.0
5850,zincs,8.0
5851,zip,6.0
5852,zipped,7.0
5853,zips,7.0
5854,zone,5.0
5855,zones,6.0
5856,zoo,5.0
5857,zoom,4.0
5858,zoomed,5.0
5859,zooms,5.0
5860,zoos,6.0
